factor,ICIR,is_timeseries
f_g_f_relative_rsi_diff_x_f_relative_rsi_diff,-0.0002226588395918281,False
f_g_f_relative_rsi_diff_sq,-0.0002226588395918281,False
f_g_f_relative_rsi_diff_cube,-0.041727360729518416,False
f_g_f_relative_rsi_diff_div_f_relative_rsi_diff,-0.03998100330154569,False
f_g_f_relative_rsi_diff_logx_f_relative_rsi_diff,0.061882435050109576,False
f_g_f_relative_rsi_diff_x_hurst_signal_long,-0.005646690547862224,False
f_g_f_relative_rsi_diff_div_hurst_signal_long,-0.040530660754016075,False
f_g_f_relative_rsi_diff_logx_hurst_signal_long,0.05442627592383859,False
f_g_f_relative_rsi_diff_x_hurst_signal_short,0.00040777945177496595,False
f_g_f_relative_rsi_diff_div_hurst_signal_short,-0.04218560970654674,False
f_g_f_relative_rsi_diff_logx_hurst_signal_short,0.05505789671340335,False
f_g_f_relative_rsi_diff_x_hurst_strength,-0.018667898967465037,False
f_g_f_relative_rsi_diff_div_hurst_strength,-0.013946143708028694,False
f_g_f_relative_rsi_diff_logx_hurst_strength,-0.0035152267755601684,False
f_g_f_relative_rsi_diff_x_hurst_value,0.024889656050048684,False
f_g_f_relative_rsi_diff_div_hurst_value,-0.03357375466439341,False
f_g_f_relative_rsi_diff_logx_hurst_value,-0.025142814161795993,False
f_g_f_relative_rsi_diff_x_kc_width,0.012418337053630287,False
f_g_f_relative_rsi_diff_div_kc_width,-0.03679280541584192,False
f_g_f_relative_rsi_diff_logx_kc_width,0.02677827337815933,False
f_g_f_relative_rsi_diff_x_ma5,-0.05474492140603067,False
f_g_f_relative_rsi_diff_div_ma5,-0.03538891370411119,False
f_g_f_relative_rsi_diff_logx_ma5,0.0862670404870353,False
f_g_f_relative_rsi_diff_x_mfi_index,-0.012416519292367997,False
f_g_f_relative_rsi_diff_div_mfi_index,-0.04515302022151644,False
f_g_f_relative_rsi_diff_logx_mfi_index,0.07523031840834142,False
f_g_f_relative_rsi_diff_x_momentum_5,-0.008888571242100896,False
f_g_f_relative_rsi_diff_div_momentum_5,-0.02814018302823739,False
f_g_f_relative_rsi_diff_logx_momentum_5,0.06909612136628968,False
f_g_f_relative_rsi_diff_x_oi_chg,0.05429914441666071,False
f_g_f_relative_rsi_diff_div_oi_chg,-0.016212013595480836,False
f_g_f_relative_rsi_diff_logx_oi_chg,0.010508386947602533,False
f_g_f_relative_rsi_diff_x_pv_oi_diff,-0.01512319596538761,False
f_g_f_relative_rsi_diff_div_pv_oi_diff,-0.04771372837792757,False
f_g_f_relative_rsi_diff_logx_pv_oi_diff,0.05666835512748867,False
f_g_f_relative_rsi_diff_x_pv_oi_efficiency,-0.00026867711022682337,False
f_g_f_relative_rsi_diff_div_pv_oi_efficiency,-0.041787991394868565,False
f_g_f_relative_rsi_diff_logx_pv_oi_efficiency,-0.009583714640223527,False
f_g_f_relative_rsi_diff_x_pv_oi_momentum,-0.005573447206545365,False
f_g_f_relative_rsi_diff_div_pv_oi_momentum,-0.05390983478845521,False
f_g_f_relative_rsi_diff_logx_pv_oi_momentum,0.0780332691163206,False
f_g_f_relative_rsi_diff_x_pv_oi_vol_ratio,-0.012610838870699229,False
f_g_f_relative_rsi_diff_div_pv_oi_vol_ratio,-0.051689802352769584,False
f_g_f_relative_rsi_diff_logx_pv_oi_vol_ratio,0.053741216999808286,False
f_g_f_relative_rsi_diff_x_pv_skew_ma5,-0.01958896421203227,False
f_g_f_relative_rsi_diff_div_pv_skew_ma5,-0.047670410245449046,False
f_g_f_relative_rsi_diff_logx_pv_skew_ma5,0.022571540245875033,False
f_g_f_relative_rsi_diff_x_pv_wad,-0.019681540138857437,False
f_g_f_relative_rsi_diff_div_pv_wad,-0.03361729917432365,False
f_g_f_relative_rsi_diff_logx_pv_wad,0.019173305647258828,False
f_g_f_relative_rsi_diff_x_v_skew_ma5,-0.02000590582624271,False
f_g_f_relative_rsi_diff_div_v_skew_ma5,-0.048281224500489855,False
f_g_f_relative_rsi_diff_logx_v_skew_ma5,0.014954901524772172,False
f_g_f_relative_rsi_diff_x_vol_chg_dispersion,-0.04576952087627054,False
f_g_f_relative_rsi_diff_div_vol_chg_dispersion,0.02131751724114115,False
f_g_f_relative_rsi_diff_logx_vol_chg_dispersion,0.019819606192939432,False
f_g_f_relative_rsi_diff_x_vol_wsr,-0.06584899702911633,False
f_g_f_relative_rsi_diff_div_vol_wsr,0.022923459108201504,False
f_g_f_relative_rsi_diff_logx_vol_wsr,0.002523038135987127,False
f_g_f_relative_rsi_diff_x_volatility_10_dispersion,0.021317516797247055,False
f_g_f_relative_rsi_diff_div_volatility_10_dispersion,-0.044084810769788346,False
f_g_f_relative_rsi_diff_logx_volatility_10_dispersion,0.061527537791362344,False
f_g_f_relative_rsi_diff_x_wad,0.0159824212914752,False
f_g_f_relative_rsi_diff_div_wad,-0.027444870499032527,False
f_g_f_relative_rsi_diff_logx_wad,0.0268380272075842,False
f_g_f_relative_rsi_diff_x_wad_valid,-0.0018873049575759554,False
f_g_f_relative_rsi_diff_div_wad_valid,-0.038402422888368926,False
f_g_f_relative_rsi_diff_logx_wad_valid,0.06233092727104335,False
f_g_f_relative_rsi_diff_x_f_oi_hurst_20,0.04468714328225185,False
f_g_f_relative_rsi_diff_div_f_oi_hurst_20,-0.020462420663560608,False
f_g_f_relative_rsi_diff_logx_f_oi_hurst_20,-0.002384600606365183,False
f_g_f_relative_rsi_diff_x_f_oi_hurst_20_ts_z,0.009422870917705096,False
f_g_f_relative_rsi_diff_div_f_oi_hurst_20_ts_z,-0.025353159464612092,False
f_g_f_relative_rsi_diff_logx_f_oi_hurst_20_ts_z,-0.012530347344241143,False
f_g_hurst_signal_long_x_hurst_signal_long,-0.04528907150048556,False
f_g_hurst_signal_long_sq,-0.04528907150048556,False
f_g_hurst_signal_long_cube,-0.04528907150048557,False
f_g_hurst_signal_long_div_hurst_signal_long,0.05238789779194169,False
f_g_hurst_signal_long_logx_hurst_signal_long,0.04528907150048558,False
f_g_hurst_signal_long_x_hurst_signal_short,-0.038159656586431466,False
f_g_hurst_signal_long_div_hurst_signal_short,-0.04023264449685427,False
f_g_hurst_signal_long_logx_hurst_signal_short,-0.03221592903768632,False
f_g_hurst_signal_long_x_hurst_strength,0.07724513921258795,False
f_g_hurst_signal_long_div_hurst_strength,-0.07059801529887749,False
f_g_hurst_signal_long_logx_hurst_strength,-0.09798386710127291,False
f_g_hurst_signal_long_x_hurst_value,-0.09688193253361867,False
f_g_hurst_signal_long_div_hurst_value,0.07180629725276755,False
f_g_hurst_signal_long_logx_hurst_value,0.06642801915240032,False
f_g_hurst_signal_long_x_kc_width,-0.028409794864328923,False
f_g_hurst_signal_long_div_kc_width,0.010967452642714403,False
f_g_hurst_signal_long_logx_kc_width,-0.022162037636865074,False
f_g_hurst_signal_long_x_ma5,-0.09846771394719005,False
f_g_hurst_signal_long_div_ma5,0.12084318747201098,False
f_g_hurst_signal_long_logx_ma5,0.07422981100252148,False
f_g_hurst_signal_long_x_mfi_index,0.041853752263750967,False
f_g_hurst_signal_long_div_mfi_index,-0.06572749696977448,False
f_g_hurst_signal_long_logx_mfi_index,-0.07630739775920689,False
f_g_hurst_signal_long_x_momentum_5,-0.01583140950604539,False
f_g_hurst_signal_long_div_momentum_5,0.004330029695801541,False
f_g_hurst_signal_long_logx_momentum_5,-0.00845666710146102,False
f_g_hurst_signal_long_x_oi_chg,-0.0004675001099632489,False
f_g_hurst_signal_long_div_oi_chg,-0.08011760308409427,False
f_g_hurst_signal_long_logx_oi_chg,0.0009279952767077358,False
f_g_hurst_signal_long_x_pv_oi_diff,-0.017821212272756272,False
f_g_hurst_signal_long_div_pv_oi_diff,0.004636291176737624,False
f_g_hurst_signal_long_logx_pv_oi_diff,-0.015835458147505727,False
f_g_hurst_signal_long_x_pv_oi_efficiency,0.06182082425066737,False
f_g_hurst_signal_long_div_pv_oi_efficiency,-0.09506587527522405,False
f_g_hurst_signal_long_logx_pv_oi_efficiency,-0.09829289063889134,False
f_g_hurst_signal_long_x_pv_oi_momentum,0.008497078861833663,False
f_g_hurst_signal_long_div_pv_oi_momentum,-0.018935201058458178,False
f_g_hurst_signal_long_logx_pv_oi_momentum,-0.03540214660779414,False
f_g_hurst_signal_long_x_pv_oi_vol_ratio,-0.03189671215878903,False
f_g_hurst_signal_long_div_pv_oi_vol_ratio,0.008886190140379101,False
f_g_hurst_signal_long_logx_pv_oi_vol_ratio,0.017095870656739287,False
f_g_hurst_signal_long_x_pv_skew_ma5,-0.03696201090115263,False
f_g_hurst_signal_long_div_pv_skew_ma5,-0.011686692378308083,False
f_g_hurst_signal_long_logx_pv_skew_ma5,-0.02028131632767588,False
f_g_hurst_signal_long_x_pv_wad,-0.09372551380647136,False
f_g_hurst_signal_long_div_pv_wad,0.021429893702504622,False
f_g_hurst_signal_long_logx_pv_wad,0.04200601557073742,False
f_g_hurst_signal_long_x_v_skew_ma5,-0.03640896498442812,False
f_g_hurst_signal_long_div_v_skew_ma5,-0.014797268917791543,False
f_g_hurst_signal_long_logx_v_skew_ma5,-0.020907984960867057,False
f_g_hurst_signal_long_x_vol_chg_dispersion,,False
f_g_hurst_signal_long_div_vol_chg_dispersion,-0.045289071500485556,False
f_g_hurst_signal_long_logx_vol_chg_dispersion,-0.006297455265906743,False
f_g_hurst_signal_long_x_vol_wsr,0.050131717259426105,False
f_g_hurst_signal_long_div_vol_wsr,-0.039897061143269144,False
f_g_hurst_signal_long_logx_vol_wsr,-0.05311855463496899,False
f_g_hurst_signal_long_x_volatility_10_dispersion,-0.0452890715004856,False
f_g_hurst_signal_long_div_volatility_10_dispersion,,False
f_g_hurst_signal_long_logx_volatility_10_dispersion,-0.04528907150048554,False
f_g_hurst_signal_long_x_wad,-0.03426518410659355,False
f_g_hurst_signal_long_div_wad,-0.02994063385064135,False
f_g_hurst_signal_long_logx_wad,-0.006192628468177796,False
f_g_hurst_signal_long_x_wad_valid,-0.023924317605201317,False
f_g_hurst_signal_long_div_wad_valid,-0.024060982940265534,False
f_g_hurst_signal_long_logx_wad_valid,-0.05356997419373478,False
f_g_hurst_signal_long_x_f_oi_hurst_20,-0.08708113471019391,False
f_g_hurst_signal_long_div_f_oi_hurst_20,0.044958151418183656,False
f_g_hurst_signal_long_logx_f_oi_hurst_20,0.08459467664321914,False
f_g_hurst_signal_long_x_f_oi_hurst_20_ts_z,-0.07094911191991636,False
f_g_hurst_signal_long_div_f_oi_hurst_20_ts_z,-0.04548153107563793,False
f_g_hurst_signal_long_logx_f_oi_hurst_20_ts_z,0.07893861829248269,False
f_g_hurst_signal_short_x_hurst_signal_short,-0.007312914099776859,False
f_g_hurst_signal_short_sq,-0.007312914099776859,False
f_g_hurst_signal_short_cube,-0.007312914099776981,False
f_g_hurst_signal_short_div_hurst_signal_short,0.009629167917670982,False
f_g_hurst_signal_short_logx_hurst_signal_short,0.007312914099776939,False
f_g_hurst_signal_short_x_hurst_strength,0.08985435683904533,False
f_g_hurst_signal_short_div_hurst_strength,-0.056593320596612116,False
f_g_hurst_signal_short_logx_hurst_strength,-0.08764432593082179,False
f_g_hurst_signal_short_x_hurst_value,-0.07731805374041163,False
f_g_hurst_signal_short_div_hurst_value,0.07292368461706687,False
f_g_hurst_signal_short_logx_hurst_value,0.10804059405137827,False
f_g_hurst_signal_short_x_kc_width,-0.0018612972998945678,False
f_g_hurst_signal_short_div_kc_width,0.014187195471978803,False
f_g_hurst_signal_short_logx_kc_width,0.008189519548535968,False
f_g_hurst_signal_short_x_ma5,-0.09249227894197101,False
f_g_hurst_signal_short_div_ma5,0.13080748741411763,False
f_g_hurst_signal_short_logx_ma5,0.08692357159498042,False
f_g_hurst_signal_short_x_mfi_index,0.07236696931489409,False
f_g_hurst_signal_short_div_mfi_index,-0.0601666052230119,False
f_g_hurst_signal_short_logx_mfi_index,-0.04736251960405362,False
f_g_hurst_signal_short_x_momentum_5,0.0006475542955752062,False
f_g_hurst_signal_short_div_momentum_5,0.011003295220867584,False
f_g_hurst_signal_short_logx_momentum_5,0.008202022692714632,False
f_g_hurst_signal_short_x_oi_chg,-0.00043558683272047657,False
f_g_hurst_signal_short_div_oi_chg,-0.08712379296311626,False
f_g_hurst_signal_short_logx_oi_chg,0.0019016074278517046,False
f_g_hurst_signal_short_x_pv_oi_diff,-0.01345086076613824,False
f_g_hurst_signal_short_div_pv_oi_diff,0.017542302937910075,False
f_g_hurst_signal_short_logx_pv_oi_diff,0.0033794738432112955,False
f_g_hurst_signal_short_x_pv_oi_efficiency,0.08637473026890143,False
f_g_hurst_signal_short_div_pv_oi_efficiency,-0.0850502648140478,False
f_g_hurst_signal_short_logx_pv_oi_efficiency,-0.07921968229321102,False
f_g_hurst_signal_short_x_pv_oi_momentum,0.010510296729759028,False
f_g_hurst_signal_short_div_pv_oi_momentum,-0.012159335978526536,False
f_g_hurst_signal_short_logx_pv_oi_momentum,-0.014871412832732115,False
f_g_hurst_signal_short_x_pv_oi_vol_ratio,-0.03238720379451477,False
f_g_hurst_signal_short_div_pv_oi_vol_ratio,0.020186829845980143,False
f_g_hurst_signal_short_logx_pv_oi_vol_ratio,0.024749736493550226,False
f_g_hurst_signal_short_x_pv_skew_ma5,-0.009196539650934896,False
f_g_hurst_signal_short_div_pv_skew_ma5,0.000701447362733172,False
f_g_hurst_signal_short_logx_pv_skew_ma5,0.012105525050040634,False
f_g_hurst_signal_short_x_pv_wad,-0.07218228131196593,False
f_g_hurst_signal_short_div_pv_wad,0.029483402662707166,False
f_g_hurst_signal_short_logx_pv_wad,0.0683712157501441,False
f_g_hurst_signal_short_x_v_skew_ma5,-0.009049721624429068,False
f_g_hurst_signal_short_div_v_skew_ma5,-0.0024379442747989393,False
f_g_hurst_signal_short_logx_v_skew_ma5,0.011143854093617457,False
f_g_hurst_signal_short_x_vol_chg_dispersion,,False
f_g_hurst_signal_short_div_vol_chg_dispersion,-0.007312914099776979,False
f_g_hurst_signal_short_logx_vol_chg_dispersion,-0.15508989332413514,False
f_g_hurst_signal_short_x_vol_wsr,0.05136546085444381,False
f_g_hurst_signal_short_div_vol_wsr,-0.04612013582156476,False
f_g_hurst_signal_short_logx_vol_wsr,-0.041745260482906756,False
f_g_hurst_signal_short_x_volatility_10_dispersion,-0.007312914099776952,False
f_g_hurst_signal_short_div_volatility_10_dispersion,,False
f_g_hurst_signal_short_logx_volatility_10_dispersion,-0.007312914099776917,False
f_g_hurst_signal_short_x_wad,-0.014582004662240413,False
f_g_hurst_signal_short_div_wad,-0.022737556927497772,False
f_g_hurst_signal_short_logx_wad,0.015453932301110257,False
f_g_hurst_signal_short_x_wad_valid,0.008377333475330904,False
f_g_hurst_signal_short_div_wad_valid,-0.0074025804187483465,False
f_g_hurst_signal_short_logx_wad_valid,-0.00609669870015467,False
f_g_hurst_signal_short_x_f_oi_hurst_20,-0.07796342368343198,False
f_g_hurst_signal_short_div_f_oi_hurst_20,0.04938786995485853,False
f_g_hurst_signal_short_logx_f_oi_hurst_20,0.09897859609607226,False
f_g_hurst_signal_short_x_f_oi_hurst_20_ts_z,-0.06434612298672955,False
f_g_hurst_signal_short_div_f_oi_hurst_20_ts_z,-0.04017182369050939,False
f_g_hurst_signal_short_logx_f_oi_hurst_20_ts_z,0.08582457248407252,False
f_g_hurst_strength_x_hurst_strength,0.08896838782926936,False
f_g_hurst_strength_sq,0.08896838782926936,False
f_g_hurst_strength_cube,0.08473536636224067,False
f_g_hurst_strength_div_hurst_strength,0.03645313450625845,False
f_g_hurst_strength_logx_hurst_strength,-0.08556663010983405,False
f_g_hurst_strength_x_hurst_value,0.006186543939705599,False
f_g_hurst_strength_div_hurst_value,0.07730575723076273,False
f_g_hurst_strength_logx_hurst_value,0.0949661446923979,False
f_g_hurst_strength_x_kc_width,0.06604683842463832,False
f_g_hurst_strength_div_kc_width,0.0316468916454182,False
f_g_hurst_strength_logx_kc_width,0.07943411567106476,False
f_g_hurst_strength_x_ma5,0.021477916878257744,False
f_g_hurst_strength_div_ma5,0.11709600341005862,False
f_g_hurst_strength_logx_ma5,0.14750686934904228,False
f_g_hurst_strength_x_mfi_index,0.1074243415273086,False
f_g_hurst_strength_div_mfi_index,-0.024658819580043286,False
f_g_hurst_strength_logx_mfi_index,0.0691228031809887,False
f_g_hurst_strength_x_momentum_5,0.039471704426220215,False
f_g_hurst_strength_div_momentum_5,0.03820869738850777,False
f_g_hurst_strength_logx_momentum_5,0.07418882602397682,False
f_g_hurst_strength_x_oi_chg,0.0028972369883262595,False
f_g_hurst_strength_div_oi_chg,-0.030371649873116954,False
f_g_hurst_strength_logx_oi_chg,3.891333470518982e-05,False
f_g_hurst_strength_x_pv_oi_diff,0.07333728991756504,False
f_g_hurst_strength_div_pv_oi_diff,0.04253467983222965,False
f_g_hurst_strength_logx_pv_oi_diff,0.08887884147805174,False
f_g_hurst_strength_x_pv_oi_efficiency,0.09422957735812919,False
f_g_hurst_strength_div_pv_oi_efficiency,0.016082665588617286,False
f_g_hurst_strength_logx_pv_oi_efficiency,0.021871821092767765,False
f_g_hurst_strength_x_pv_oi_momentum,0.09536169087964867,False
f_g_hurst_strength_div_pv_oi_momentum,0.030286891172056622,False
f_g_hurst_strength_logx_pv_oi_momentum,0.06706099763749067,False
f_g_hurst_strength_x_pv_oi_vol_ratio,0.03366861436740755,False
f_g_hurst_strength_div_pv_oi_vol_ratio,0.04411954169026077,False
f_g_hurst_strength_logx_pv_oi_vol_ratio,0.061696714769824926,False
f_g_hurst_strength_x_pv_skew_ma5,0.04706750498977128,False
f_g_hurst_strength_div_pv_skew_ma5,0.0517826689876553,False
f_g_hurst_strength_logx_pv_skew_ma5,0.09116946390937496,False
f_g_hurst_strength_x_pv_wad,0.023876515074882178,False
f_g_hurst_strength_div_pv_wad,0.06528043756606537,False
f_g_hurst_strength_logx_pv_wad,0.13439521328149154,False
f_g_hurst_strength_x_v_skew_ma5,0.04746132439933247,False
f_g_hurst_strength_div_v_skew_ma5,0.05172460418894769,False
f_g_hurst_strength_logx_v_skew_ma5,0.09187706852538692,False
f_g_hurst_strength_x_vol_chg_dispersion,,False
f_g_hurst_strength_div_vol_chg_dispersion,0.0923865302599488,False
f_g_hurst_strength_logx_vol_chg_dispersion,-0.011605941152913078,False
f_g_hurst_strength_x_vol_wsr,0.017885898621705133,False
f_g_hurst_strength_div_vol_wsr,-0.044529695034291585,False
f_g_hurst_strength_logx_vol_wsr,-0.02182751234603257,False
f_g_hurst_strength_x_volatility_10_dispersion,0.09238652990877608,False
f_g_hurst_strength_div_volatility_10_dispersion,0.04869481788783017,False
f_g_hurst_strength_logx_volatility_10_dispersion,0.090310742398296,False
f_g_hurst_strength_x_wad,0.0476358313655876,False
f_g_hurst_strength_div_wad,0.03645957345173592,False
f_g_hurst_strength_logx_wad,0.07899695932476644,False
f_g_hurst_strength_x_wad_valid,0.09793103200409937,False
f_g_hurst_strength_div_wad_valid,0.028653817059777726,False
f_g_hurst_strength_logx_wad_valid,0.08912395980894783,False
f_g_hurst_strength_x_f_oi_hurst_20,-0.07290196410229868,False
f_g_hurst_strength_div_f_oi_hurst_20,0.05107578432836922,False
f_g_hurst_strength_logx_f_oi_hurst_20,0.0937548722760161,False
f_g_hurst_strength_x_f_oi_hurst_20_ts_z,-0.06967800903221563,False
f_g_hurst_strength_div_f_oi_hurst_20_ts_z,-0.005500120179817398,False
f_g_hurst_strength_logx_f_oi_hurst_20_ts_z,0.0808412871804225,False
f_g_hurst_value_x_hurst_value,-0.10106491485425677,False
f_g_hurst_value_sq,-0.10106491485425677,False
f_g_hurst_value_cube,-0.09842317019523132,False
f_g_hurst_value_div_hurst_value,0.044258758405343504,False
f_g_hurst_value_logx_hurst_value,0.06565872561411878,False
f_g_hurst_value_x_kc_width,-0.08451883038818524,False
f_g_hurst_value_div_kc_width,-0.015234872249305684,False
f_g_hurst_value_logx_kc_width,-0.10387946763489844,False
f_g_hurst_value_x_ma5,-0.13241894051666325,False
f_g_hurst_value_div_ma5,0.06465676119534983,False
f_g_hurst_value_logx_ma5,-0.03945026560790786,False
f_g_hurst_value_x_mfi_index,-0.03569144110413571,False
f_g_hurst_value_div_mfi_index,-0.08550127609546523,False
f_g_hurst_value_logx_mfi_index,-0.08510460748407435,False
f_g_hurst_value_x_momentum_5,-0.06671296419676065,False
f_g_hurst_value_div_momentum_5,-0.012653616953428733,False
f_g_hurst_value_logx_momentum_5,-0.0532058518609661,False
f_g_hurst_value_x_oi_chg,0.0034883228172857775,False
f_g_hurst_value_div_oi_chg,-0.06664048072243486,False
f_g_hurst_value_logx_oi_chg,-0.0056667973609985005,False
f_g_hurst_value_x_pv_oi_diff,-0.08265710372132297,False
f_g_hurst_value_div_pv_oi_diff,-0.028239860590106844,False
f_g_hurst_value_logx_pv_oi_diff,-0.08233334158166239,False
f_g_hurst_value_x_pv_oi_efficiency,-0.015420923439219117,False
f_g_hurst_value_div_pv_oi_efficiency,-0.09752574551134346,False
f_g_hurst_value_logx_pv_oi_efficiency,-0.09128267660177743,False
f_g_hurst_value_x_pv_oi_momentum,-0.06233032634984405,False
f_g_hurst_value_div_pv_oi_momentum,-0.057174260789807065,False
f_g_hurst_value_logx_pv_oi_momentum,-0.10533454384970152,False
f_g_hurst_value_x_pv_oi_vol_ratio,-0.060388483743456116,False
f_g_hurst_value_div_pv_oi_vol_ratio,-0.03622771708329052,False
f_g_hurst_value_logx_pv_oi_vol_ratio,-0.03679832317389914,False
f_g_hurst_value_x_pv_skew_ma5,-0.0989309331768014,False
f_g_hurst_value_div_pv_skew_ma5,-0.018609243729556347,False
f_g_hurst_value_logx_pv_skew_ma5,-0.0535683072450732,False
f_g_hurst_value_x_pv_wad,-0.1524643120127436,False
f_g_hurst_value_div_pv_wad,0.0013372510374748702,False
f_g_hurst_value_logx_pv_wad,-0.053205363693241546,False
f_g_hurst_value_x_v_skew_ma5,-0.09973883978565234,False
f_g_hurst_value_div_v_skew_ma5,-0.018878095724423952,False
f_g_hurst_value_logx_v_skew_ma5,-0.05419697953979026,False
f_g_hurst_value_x_vol_chg_dispersion,,False
f_g_hurst_value_div_vol_chg_dispersion,-0.09897518889185279,False
f_g_hurst_value_logx_vol_chg_dispersion,-0.04085596206617111,False
f_g_hurst_value_x_vol_wsr,0.04756455119923549,False
f_g_hurst_value_div_vol_wsr,-0.04605526960001063,False
f_g_hurst_value_logx_vol_wsr,-0.039664845687010626,False
f_g_hurst_value_x_volatility_10_dispersion,-0.09897518822288977,False
f_g_hurst_value_div_volatility_10_dispersion,-0.02748752880988372,False
f_g_hurst_value_logx_volatility_10_dispersion,-0.0845407723388803,False
f_g_hurst_value_x_wad,-0.09235474693881088,False
f_g_hurst_value_div_wad,-0.03471406939537173,False
f_g_hurst_value_logx_wad,-0.08050039095404887,False
f_g_hurst_value_x_wad_valid,-0.09981565084253441,False
f_g_hurst_value_div_wad_valid,-0.0411984179190283,False
f_g_hurst_value_logx_wad_valid,-0.09444332676433659,False
f_g_hurst_value_x_f_oi_hurst_20,-0.08361376500761548,False
f_g_hurst_value_div_f_oi_hurst_20,0.033147717095306506,False
f_g_hurst_value_logx_f_oi_hurst_20,0.06463259712243427,False
f_g_hurst_value_x_f_oi_hurst_20_ts_z,-0.061489777164217,False
f_g_hurst_value_div_f_oi_hurst_20_ts_z,-0.06847000589865197,False
f_g_hurst_value_logx_f_oi_hurst_20_ts_z,0.06983509285699412,False
f_g_kc_width_x_kc_width,-0.008200383340349948,False
f_g_kc_width_sq,-0.008200383340349948,False
f_g_kc_width_cube,-0.007358834213064643,False
f_g_kc_width_div_kc_width,0.049931949792573774,False
f_g_kc_width_logx_kc_width,0.014216417133084629,False
f_g_kc_width_x_ma5,-0.09816431655204824,False
f_g_kc_width_div_ma5,0.08788097495446111,False
f_g_kc_width_logx_ma5,0.01264666761244213,False
f_g_kc_width_x_mfi_index,0.035579702929833534,False
f_g_kc_width_div_mfi_index,-0.03443991963465227,False
f_g_kc_width_logx_mfi_index,-0.029357676590250466,False
f_g_kc_width_x_momentum_5,-0.015904305346360916,False
f_g_kc_width_div_momentum_5,0.005925187013368579,False
f_g_kc_width_logx_momentum_5,-0.023256600194255697,False
f_g_kc_width_x_oi_chg,0.00042826297345899294,False
f_g_kc_width_div_oi_chg,-0.08251058019575139,False
f_g_kc_width_logx_oi_chg,0.0011438398090981533,False
f_g_kc_width_x_pv_oi_diff,-0.005109958609665163,False
f_g_kc_width_div_pv_oi_diff,0.0024868218467838633,False
f_g_kc_width_logx_pv_oi_diff,-0.010336363258155387,False
f_g_kc_width_x_pv_oi_efficiency,0.06081241359932987,False
f_g_kc_width_div_pv_oi_efficiency,-0.08780641278948673,False
f_g_kc_width_logx_pv_oi_efficiency,-0.027137827241277706,False
f_g_kc_width_x_pv_oi_momentum,0.019050816072958658,False
f_g_kc_width_div_pv_oi_momentum,-0.02276767387815939,False
f_g_kc_width_logx_pv_oi_momentum,-0.016100330418924207,False
f_g_kc_width_x_pv_oi_vol_ratio,-0.041290209057285546,False
f_g_kc_width_div_pv_oi_vol_ratio,0.019333138519083977,False
f_g_kc_width_logx_pv_oi_vol_ratio,-0.0014207410097916387,False
f_g_kc_width_x_pv_skew_ma5,-0.011359926863811159,False
f_g_kc_width_div_pv_skew_ma5,-0.00931236254953314,False
f_g_kc_width_logx_pv_skew_ma5,0.00018640137241644243,False
f_g_kc_width_x_pv_wad,-0.04778557286858385,False
f_g_kc_width_div_pv_wad,0.021549362817757194,False
f_g_kc_width_logx_pv_wad,0.004340999519066797,False
f_g_kc_width_x_v_skew_ma5,-0.011314819875322806,False
f_g_kc_width_div_v_skew_ma5,-0.010414490372670828,False
f_g_kc_width_logx_v_skew_ma5,-0.0002880877527055917,False
f_g_kc_width_x_vol_chg_dispersion,,False
f_g_kc_width_div_vol_chg_dispersion,-0.007612084341681849,False
f_g_kc_width_logx_vol_chg_dispersion,0.005798645259622886,False
f_g_kc_width_x_vol_wsr,0.03856173522867587,False
f_g_kc_width_div_vol_wsr,-0.02737154903565401,False
f_g_kc_width_logx_vol_wsr,-0.04578649420344819,False
f_g_kc_width_x_volatility_10_dispersion,-0.00940949801123025,False
f_g_kc_width_div_volatility_10_dispersion,-0.041751977687158826,False
f_g_kc_width_logx_volatility_10_dispersion,-0.012414995222300353,False
f_g_kc_width_x_wad,-0.018895410075180266,False
f_g_kc_width_div_wad,-0.021439021619943165,False
f_g_kc_width_logx_wad,-0.02431458109271788,False
f_g_kc_width_x_wad_valid,-0.0038350790019233334,False
f_g_kc_width_div_wad_valid,-0.0018385728122183433,False
f_g_kc_width_logx_wad_valid,-0.009493103373393331,False
f_g_kc_width_x_f_oi_hurst_20,-0.1050790229745763,False
f_g_kc_width_div_f_oi_hurst_20,0.050227783180278894,False
f_g_kc_width_logx_f_oi_hurst_20,0.019741356341312633,False
f_g_kc_width_x_f_oi_hurst_20_ts_z,-0.09782866369088797,False
f_g_kc_width_div_f_oi_hurst_20_ts_z,-0.03079201121019474,False
f_g_kc_width_logx_f_oi_hurst_20_ts_z,0.00443202578397766,False
f_g_ma5_x_ma5,-0.07148263151479398,False
f_g_ma5_sq,-0.07148263151479398,False
f_g_ma5_cube,-0.05486882693692834,False
f_g_ma5_div_ma5,-0.12590311051092196,False
f_g_ma5_logx_ma5,0.12989842892087913,False
f_g_ma5_x_mfi_index,-0.010386290933303184,False
f_g_ma5_div_mfi_index,-0.09695484729629697,False
f_g_ma5_logx_mfi_index,-0.10247464125248645,False
f_g_ma5_x_momentum_5,-0.06463459583046954,False
f_g_ma5_div_momentum_5,-0.02694025520867559,False
f_g_ma5_logx_momentum_5,-0.06589861954315114,False
f_g_ma5_x_oi_chg,-0.0005648454956657901,False
f_g_ma5_div_oi_chg,-0.06940969506730045,False
f_g_ma5_logx_oi_chg,-0.0021853876371944352,False
f_g_ma5_x_pv_oi_diff,-0.06720538606859862,False
f_g_ma5_div_pv_oi_diff,-0.07171125405199878,False
f_g_ma5_logx_pv_oi_diff,-0.08076285347948674,False
f_g_ma5_x_pv_oi_efficiency,-0.0023401244187180818,False
f_g_ma5_div_pv_oi_efficiency,-0.11181278952694979,False
f_g_ma5_logx_pv_oi_efficiency,-0.13753911954347864,False
f_g_ma5_x_pv_oi_momentum,-0.052429709773716304,False
f_g_ma5_div_pv_oi_momentum,-0.086001594270873,False
f_g_ma5_logx_pv_oi_momentum,-0.09461140319925566,False
f_g_ma5_x_pv_oi_vol_ratio,-0.07969878259053594,False
f_g_ma5_div_pv_oi_vol_ratio,-0.04465701111435125,False
f_g_ma5_logx_pv_oi_vol_ratio,-0.06749544009667126,False
f_g_ma5_x_pv_skew_ma5,-0.08426366369476493,False
f_g_ma5_div_pv_skew_ma5,-0.06740149374405648,False
f_g_ma5_logx_pv_skew_ma5,-0.10238038709220831,False
f_g_ma5_x_pv_wad,-0.08634570788470095,False
f_g_ma5_div_pv_wad,-0.02451111330471883,False
f_g_ma5_logx_pv_wad,-0.04895236857818681,False
f_g_ma5_x_v_skew_ma5,-0.08455126958129953,False
f_g_ma5_div_v_skew_ma5,-0.06720859474548466,False
f_g_ma5_logx_v_skew_ma5,-0.1018462215663679,False
f_g_ma5_x_vol_chg_dispersion,,False
f_g_ma5_div_vol_chg_dispersion,-0.09379547875113879,False
f_g_ma5_logx_vol_chg_dispersion,0.06262766762180183,False
f_g_ma5_x_vol_wsr,0.03768726063082797,False
f_g_ma5_div_vol_wsr,-0.04930257169757259,False
f_g_ma5_logx_vol_wsr,-0.005245755489601149,False
f_g_ma5_x_volatility_10_dispersion,-0.09473204465656739,False
f_g_ma5_div_volatility_10_dispersion,-0.12703672168948194,False
f_g_ma5_logx_volatility_10_dispersion,-0.12782503814521282,False
f_g_ma5_x_wad,-0.050064435925342425,False
f_g_ma5_div_wad,-0.06444821172706622,False
f_g_ma5_logx_wad,-0.0604476217409471,False
f_g_ma5_x_wad_valid,-0.08504464573342682,False
f_g_ma5_div_wad_valid,-0.06943242807550752,False
f_g_ma5_logx_wad_valid,-0.12817640469623853,False
f_g_ma5_x_f_oi_hurst_20,-0.10259029915167821,False
f_g_ma5_div_f_oi_hurst_20,0.027785598766196257,False
f_g_ma5_logx_f_oi_hurst_20,0.0498083954580637,False
f_g_ma5_x_f_oi_hurst_20_ts_z,-0.06828692670839957,False
f_g_ma5_div_f_oi_hurst_20_ts_z,-0.06529763667022435,False
f_g_ma5_logx_f_oi_hurst_20_ts_z,0.05767692219194992,False
f_g_mfi_index_x_mfi_index,0.06311390352592075,False
f_g_mfi_index_sq,0.06311390352592075,False
f_g_mfi_index_cube,0.06916513230351733,False
f_g_mfi_index_div_mfi_index,-0.03027864190525924,False
f_g_mfi_index_logx_mfi_index,-0.0629826322449065,False
f_g_mfi_index_x_momentum_5,0.03191193736573361,False
f_g_mfi_index_div_momentum_5,0.0413041868226035,False
f_g_mfi_index_logx_momentum_5,0.07652153385028157,False
f_g_mfi_index_x_oi_chg,0.0022728390855211605,False
f_g_mfi_index_div_oi_chg,-0.04862228618737985,False
f_g_mfi_index_logx_oi_chg,-0.000755629694280792,False
f_g_mfi_index_x_pv_oi_diff,0.06305310786880748,False
f_g_mfi_index_div_pv_oi_diff,0.0222092970533142,False
f_g_mfi_index_logx_pv_oi_diff,0.06850269247537275,False
f_g_mfi_index_x_pv_oi_efficiency,0.0894726520895355,False
f_g_mfi_index_div_pv_oi_efficiency,-0.035262085033276526,False
f_g_mfi_index_logx_pv_oi_efficiency,-0.0017179765645741094,False
f_g_mfi_index_x_pv_oi_momentum,0.0977418729338504,False
f_g_mfi_index_div_pv_oi_momentum,-0.018642493113674226,False
f_g_mfi_index_logx_pv_oi_momentum,0.07080384304620602,False
f_g_mfi_index_x_pv_oi_vol_ratio,0.02328355366264799,False
f_g_mfi_index_div_pv_oi_vol_ratio,0.03998968233239631,False
f_g_mfi_index_logx_pv_oi_vol_ratio,0.056165968334606575,False
f_g_mfi_index_x_pv_skew_ma5,0.03367745177967156,False
f_g_mfi_index_div_pv_skew_ma5,0.013293205430936436,False
f_g_mfi_index_logx_pv_skew_ma5,0.0698304900040418,False
f_g_mfi_index_x_pv_wad,0.012601833084316501,False
f_g_mfi_index_div_pv_wad,0.028455882697090915,False
f_g_mfi_index_logx_pv_wad,0.10719663798548093,False
f_g_mfi_index_x_v_skew_ma5,0.03322443911492925,False
f_g_mfi_index_div_v_skew_ma5,0.01291149978636718,False
f_g_mfi_index_logx_v_skew_ma5,0.0694449180496431,False
f_g_mfi_index_x_vol_chg_dispersion,,False
f_g_mfi_index_div_vol_chg_dispersion,0.05722117432534647,False
f_g_mfi_index_logx_vol_chg_dispersion,0.08996242399399473,False
f_g_mfi_index_x_vol_wsr,0.062012281547393175,False
f_g_mfi_index_div_vol_wsr,-0.04116398218621715,False
f_g_mfi_index_logx_vol_wsr,0.007185230863311441,False
f_g_mfi_index_x_volatility_10_dispersion,0.05722117485982652,False
f_g_mfi_index_div_volatility_10_dispersion,0.07352637600541174,False
f_g_mfi_index_logx_volatility_10_dispersion,0.06063797323841553,False
f_g_mfi_index_x_wad,0.0450450116202101,False
f_g_mfi_index_div_wad,-0.005992179123282831,False
f_g_mfi_index_logx_wad,0.0674278177852517,False
f_g_mfi_index_x_wad_valid,0.06705769199895337,False
f_g_mfi_index_div_wad_valid,0.02427326843461734,False
f_g_mfi_index_logx_wad_valid,0.06469265027829614,False
f_g_mfi_index_x_f_oi_hurst_20,-0.07856106187226576,False
f_g_mfi_index_div_f_oi_hurst_20,0.06702141083909112,False
f_g_mfi_index_logx_f_oi_hurst_20,0.09686645825395443,False
f_g_mfi_index_x_f_oi_hurst_20_ts_z,-0.07716813513417489,False
f_g_mfi_index_div_f_oi_hurst_20_ts_z,-0.03436641186069853,False
f_g_mfi_index_logx_f_oi_hurst_20_ts_z,0.0700657812357277,False
f_g_momentum_5_x_momentum_5,-0.0015656420396035768,False
f_g_momentum_5_sq,-0.0015656420396035768,False
f_g_momentum_5_cube,0.0030498214372228633,False
f_g_momentum_5_div_momentum_5,-0.05001198531750031,False
f_g_momentum_5_logx_momentum_5,0.008082667813481327,False
f_g_momentum_5_x_oi_chg,-0.0006699887178807855,False
f_g_momentum_5_div_oi_chg,-0.06884110840990462,False
f_g_momentum_5_logx_oi_chg,0.0029027780323556884,False
f_g_momentum_5_x_pv_oi_diff,0.010158572922599262,False
f_g_momentum_5_div_pv_oi_diff,0.004172182932255204,False
f_g_momentum_5_logx_pv_oi_diff,0.015231056175598041,False
f_g_momentum_5_x_pv_oi_efficiency,0.04320217767595883,False
f_g_momentum_5_div_pv_oi_efficiency,-0.07414871810208856,False
f_g_momentum_5_logx_pv_oi_efficiency,-0.04499089263155806,False
f_g_momentum_5_x_pv_oi_momentum,0.04165619177317111,False
f_g_momentum_5_div_pv_oi_momentum,-0.03977802072840329,False
f_g_momentum_5_logx_pv_oi_momentum,0.017397385575993057,False
f_g_momentum_5_x_pv_oi_vol_ratio,-0.00850766858061533,False
f_g_momentum_5_div_pv_oi_vol_ratio,-0.004979881903897627,False
f_g_momentum_5_logx_pv_oi_vol_ratio,0.018382710491956562,False
f_g_momentum_5_x_pv_skew_ma5,-0.01669397183841195,False
f_g_momentum_5_div_pv_skew_ma5,-0.010628060462560734,False
f_g_momentum_5_logx_pv_skew_ma5,-0.00536479744544523,False
f_g_momentum_5_x_pv_wad,-0.05120069126018924,False
f_g_momentum_5_div_pv_wad,0.03262126037357982,False
f_g_momentum_5_logx_pv_wad,0.02234489296241037,False
f_g_momentum_5_x_v_skew_ma5,-0.01714362872457007,False
f_g_momentum_5_div_v_skew_ma5,-0.010768093584935206,False
f_g_momentum_5_logx_v_skew_ma5,-0.005981229596503097,False
f_g_momentum_5_x_vol_chg_dispersion,,False
f_g_momentum_5_div_vol_chg_dispersion,-0.008150174901319793,False
f_g_momentum_5_logx_vol_chg_dispersion,0.01473795679560512,False
f_g_momentum_5_x_vol_wsr,0.05449537585278957,False
f_g_momentum_5_div_vol_wsr,-0.04137990455474528,False
f_g_momentum_5_logx_vol_wsr,-0.06039146987702643,False
f_g_momentum_5_x_volatility_10_dispersion,-0.007246825977272244,False
f_g_momentum_5_div_volatility_10_dispersion,0.016222617879488043,False
f_g_momentum_5_logx_volatility_10_dispersion,-0.008995540108107252,False
f_g_momentum_5_x_wad,-0.007289432933069472,False
f_g_momentum_5_div_wad,-0.037214251180390075,False
f_g_momentum_5_logx_wad,0.003703821679958494,False
f_g_momentum_5_x_wad_valid,0.0017877535171678873,False
f_g_momentum_5_div_wad_valid,-0.018457697238483135,False
f_g_momentum_5_logx_wad_valid,-0.0076123804313282814,False
f_g_momentum_5_x_f_oi_hurst_20,-0.07801416667064975,False
f_g_momentum_5_div_f_oi_hurst_20,0.028135588408217425,False
f_g_momentum_5_logx_f_oi_hurst_20,0.07136729484241798,False
f_g_momentum_5_x_f_oi_hurst_20_ts_z,-0.07865751875118897,False
f_g_momentum_5_div_f_oi_hurst_20_ts_z,-0.045051754333596206,False
f_g_momentum_5_logx_f_oi_hurst_20_ts_z,0.050307069766193785,False
f_g_oi_chg_x_oi_chg,0.13753701478004168,False
f_g_oi_chg_sq,0.13753701478004168,False
f_g_oi_chg_cube,0.0005225074716634831,False
f_g_oi_chg_div_oi_chg,0.000520621977054348,False
f_g_oi_chg_logx_oi_chg,0.025456601340209186,False
f_g_oi_chg_x_pv_oi_diff,-7.167074881130868e-05,False
f_g_oi_chg_div_pv_oi_diff,0.0008031068116354323,False
f_g_oi_chg_logx_pv_oi_diff,0.025777099893233523,False
f_g_oi_chg_x_pv_oi_efficiency,0.0007727543271870066,False
f_g_oi_chg_div_pv_oi_efficiency,0.0004970907352574673,False
f_g_oi_chg_logx_pv_oi_efficiency,0.10584944608432705,False
f_g_oi_chg_x_pv_oi_momentum,-0.0005471179357060144,False
f_g_oi_chg_div_pv_oi_momentum,0.0005771173444699548,False
f_g_oi_chg_logx_pv_oi_momentum,0.05543911116734581,False
f_g_oi_chg_x_pv_oi_vol_ratio,-0.0013329861872980815,False
f_g_oi_chg_div_pv_oi_vol_ratio,0.00043457835632032993,False
f_g_oi_chg_logx_pv_oi_vol_ratio,-0.0016217263727401924,False
f_g_oi_chg_x_pv_skew_ma5,0.0007173169501522525,False
f_g_oi_chg_div_pv_skew_ma5,0.0009426356169974006,False
f_g_oi_chg_logx_pv_skew_ma5,-0.00137032744027313,False
f_g_oi_chg_x_pv_wad,-0.0006657745402046218,False
f_g_oi_chg_div_pv_wad,0.00047631089132939617,False
f_g_oi_chg_logx_pv_wad,-0.05172612799081713,False
f_g_oi_chg_x_v_skew_ma5,0.000533097770740728,False
f_g_oi_chg_div_v_skew_ma5,0.0007649430874057127,False
f_g_oi_chg_logx_v_skew_ma5,-0.0037569010788348735,False
f_g_oi_chg_x_vol_chg_dispersion,0.000839506017724782,False
f_g_oi_chg_div_vol_chg_dispersion,0.0084907690714574,False
f_g_oi_chg_logx_vol_chg_dispersion,0.11508047257603832,False
f_g_oi_chg_x_vol_wsr,-0.01507808714845189,False
f_g_oi_chg_div_vol_wsr,0.002060077176884352,False
f_g_oi_chg_logx_vol_wsr,0.0520049102525272,False
f_g_oi_chg_x_volatility_10_dispersion,-0.0022456445355375386,False
f_g_oi_chg_div_volatility_10_dispersion,0.0026253903697663595,False
f_g_oi_chg_logx_volatility_10_dispersion,0.05692310286330484,False
f_g_oi_chg_x_wad,0.0077414122897625556,False
f_g_oi_chg_div_wad,0.009256137505128438,False
f_g_oi_chg_logx_wad,-0.0097791690484499,False
f_g_oi_chg_x_wad_valid,-0.000464771560674474,False
f_g_oi_chg_div_wad_valid,0.000534670730366599,False
f_g_oi_chg_logx_wad_valid,0.04691229320239123,False
f_g_oi_chg_x_f_oi_hurst_20,0.0034508942194045847,False
f_g_oi_chg_div_f_oi_hurst_20,0.0052803031434967345,False
f_g_oi_chg_logx_f_oi_hurst_20,-0.09585201017046646,False
f_g_oi_chg_x_f_oi_hurst_20_ts_z,0.0014858890052359013,False
f_g_oi_chg_div_f_oi_hurst_20_ts_z,0.007519243522633009,False
f_g_oi_chg_logx_f_oi_hurst_20_ts_z,-0.08172056104933904,False
f_g_pv_oi_diff_x_pv_oi_diff,0.004859086287307807,False
f_g_pv_oi_diff_sq,0.004859086287307807,False
f_g_pv_oi_diff_cube,0.011824887699683484,False
f_g_pv_oi_diff_div_pv_oi_diff,-0.023866014713115183,False
f_g_pv_oi_diff_logx_pv_oi_diff,0.020268951411880176,False
f_g_pv_oi_diff_x_pv_oi_efficiency,0.04921115092372511,False
f_g_pv_oi_diff_div_pv_oi_efficiency,-0.08233050801380003,False
f_g_pv_oi_diff_logx_pv_oi_efficiency,-0.06466941770222401,False
f_g_pv_oi_diff_x_pv_oi_momentum,0.0034725349133966203,False
f_g_pv_oi_diff_div_pv_oi_momentum,-0.005316333828814283,False
f_g_pv_oi_diff_logx_pv_oi_momentum,-0.05350697971143337,False
f_g_pv_oi_diff_x_pv_oi_vol_ratio,-0.03390317961619722,False
f_g_pv_oi_diff_div_pv_oi_vol_ratio,0.010872684780965496,False
f_g_pv_oi_diff_logx_pv_oi_vol_ratio,-0.014606661565571506,False
f_g_pv_oi_diff_x_pv_skew_ma5,-0.0090257682489856,False
f_g_pv_oi_diff_div_pv_skew_ma5,-0.015585805485668873,False
f_g_pv_oi_diff_logx_pv_skew_ma5,0.0046066538397912405,False
f_g_pv_oi_diff_x_pv_wad,-0.012036203338493486,False
f_g_pv_oi_diff_div_pv_wad,-5.4597463754112355e-05,False
f_g_pv_oi_diff_logx_pv_wad,0.08076936455338111,False
f_g_pv_oi_diff_x_v_skew_ma5,-0.008449764589544223,False
f_g_pv_oi_diff_div_v_skew_ma5,-0.016985582495731108,False
f_g_pv_oi_diff_logx_v_skew_ma5,0.005490058254975315,False
f_g_pv_oi_diff_x_vol_chg_dispersion,,False
f_g_pv_oi_diff_div_vol_chg_dispersion,-0.0047255056404684375,False
f_g_pv_oi_diff_logx_vol_chg_dispersion,0.022848057544982574,False
f_g_pv_oi_diff_x_vol_wsr,0.034017051262016706,False
f_g_pv_oi_diff_div_vol_wsr,-0.0432981845833806,False
f_g_pv_oi_diff_logx_vol_wsr,-0.046599815284108136,False
f_g_pv_oi_diff_x_volatility_10_dispersion,-0.003914326097497667,False
f_g_pv_oi_diff_div_volatility_10_dispersion,-0.0038067112330372396,False
f_g_pv_oi_diff_logx_volatility_10_dispersion,-0.014390590527066241,False
f_g_pv_oi_diff_x_wad,0.03588676818702966,False
f_g_pv_oi_diff_div_wad,-0.038892696323834214,False
f_g_pv_oi_diff_logx_wad,0.056142047511076154,False
f_g_pv_oi_diff_x_wad_valid,0.00930355684549406,False
f_g_pv_oi_diff_div_wad_valid,-0.023884231010871608,False
f_g_pv_oi_diff_logx_wad_valid,-0.004111862806116927,False
f_g_pv_oi_diff_x_f_oi_hurst_20,-0.09411972739217325,False
f_g_pv_oi_diff_div_f_oi_hurst_20,0.05265461532959806,False
f_g_pv_oi_diff_logx_f_oi_hurst_20,0.05260861287281126,False
f_g_pv_oi_diff_x_f_oi_hurst_20_ts_z,-0.07737985890267854,False
f_g_pv_oi_diff_div_f_oi_hurst_20_ts_z,-0.031781211469731514,False
f_g_pv_oi_diff_logx_f_oi_hurst_20_ts_z,0.04961334538647646,False
f_g_pv_oi_efficiency_x_pv_oi_efficiency,0.0764215716110848,False
f_g_pv_oi_efficiency_sq,0.0764215716110848,False
f_g_pv_oi_efficiency_cube,0.06534645543936671,False
f_g_pv_oi_efficiency_div_pv_oi_efficiency,0.0871922809995218,False
f_g_pv_oi_efficiency_logx_pv_oi_efficiency,-0.05775781642960086,False
f_g_pv_oi_efficiency_x_pv_oi_momentum,0.08103926684457079,False
f_g_pv_oi_efficiency_div_pv_oi_momentum,0.019597812975972292,False
f_g_pv_oi_efficiency_logx_pv_oi_momentum,0.08006177706490607,False
f_g_pv_oi_efficiency_x_pv_oi_vol_ratio,0.020335681887351267,False
f_g_pv_oi_efficiency_div_pv_oi_vol_ratio,0.051824962689466826,False
f_g_pv_oi_efficiency_logx_pv_oi_vol_ratio,0.08712143148687054,False
f_g_pv_oi_efficiency_x_pv_skew_ma5,0.03207984520299461,False
f_g_pv_oi_efficiency_div_pv_skew_ma5,0.06974400080187672,False
f_g_pv_oi_efficiency_logx_pv_skew_ma5,0.06995021156514382,False
f_g_pv_oi_efficiency_x_pv_wad,0.017726994520956222,False
f_g_pv_oi_efficiency_div_pv_wad,0.06319710408838665,False
f_g_pv_oi_efficiency_logx_pv_wad,0.09879798446622752,False
f_g_pv_oi_efficiency_x_v_skew_ma5,0.03118929031607681,False
f_g_pv_oi_efficiency_div_v_skew_ma5,0.07042270176796209,False
f_g_pv_oi_efficiency_logx_v_skew_ma5,0.06922048966920782,False
f_g_pv_oi_efficiency_x_vol_chg_dispersion,,False
f_g_pv_oi_efficiency_div_vol_chg_dispersion,0.0916227881679812,False
f_g_pv_oi_efficiency_logx_vol_chg_dispersion,0.04399150870180822,False
f_g_pv_oi_efficiency_x_vol_wsr,0.05454092010791229,False
f_g_pv_oi_efficiency_div_vol_wsr,-0.03965395071646238,False
f_g_pv_oi_efficiency_logx_vol_wsr,-0.012178372522535574,False
f_g_pv_oi_efficiency_x_volatility_10_dispersion,0.09077869760596594,False
f_g_pv_oi_efficiency_div_volatility_10_dispersion,0.04549537567330023,False
f_g_pv_oi_efficiency_logx_volatility_10_dispersion,0.09814370524513501,False
f_g_pv_oi_efficiency_x_wad,0.03632459880765785,False
f_g_pv_oi_efficiency_div_wad,0.020105249070994993,False
f_g_pv_oi_efficiency_logx_wad,0.05958050010951462,False
f_g_pv_oi_efficiency_x_wad_valid,0.08508318961878703,False
f_g_pv_oi_efficiency_div_wad_valid,0.018489774404049652,False
f_g_pv_oi_efficiency_logx_wad_valid,0.08930178608036421,False
f_g_pv_oi_efficiency_x_f_oi_hurst_20,-0.06354851994094877,False
f_g_pv_oi_efficiency_div_f_oi_hurst_20,0.06128030211847945,False
f_g_pv_oi_efficiency_logx_f_oi_hurst_20,0.10260979493825774,False
f_g_pv_oi_efficiency_x_f_oi_hurst_20_ts_z,-0.0691208923524167,False
f_g_pv_oi_efficiency_div_f_oi_hurst_20_ts_z,-0.014675396479611144,False
f_g_pv_oi_efficiency_logx_f_oi_hurst_20_ts_z,0.059725839050694556,False
f_g_pv_oi_momentum_x_pv_oi_momentum,0.025924189629070185,False
f_g_pv_oi_momentum_sq,0.025924189629070185,False
f_g_pv_oi_momentum_cube,0.02830886990455016,False
f_g_pv_oi_momentum_div_pv_oi_momentum,0.00029430345396160343,False
f_g_pv_oi_momentum_logx_pv_oi_momentum,0.00017657395274613182,False
f_g_pv_oi_momentum_x_pv_oi_vol_ratio,-0.02252858349831824,False
f_g_pv_oi_momentum_div_pv_oi_vol_ratio,0.028872920199244773,False
f_g_pv_oi_momentum_logx_pv_oi_vol_ratio,0.008386526343659238,False
f_g_pv_oi_momentum_x_pv_skew_ma5,-0.010129770933043921,False
f_g_pv_oi_momentum_div_pv_skew_ma5,0.009705059206279608,False
f_g_pv_oi_momentum_logx_pv_skew_ma5,0.004716808574105916,False
f_g_pv_oi_momentum_x_pv_wad,0.015416125820930666,False
f_g_pv_oi_momentum_div_pv_wad,-0.008457591554499724,False
f_g_pv_oi_momentum_logx_pv_wad,0.12741734446651307,False
f_g_pv_oi_momentum_x_v_skew_ma5,-0.010148015158492585,False
f_g_pv_oi_momentum_div_v_skew_ma5,0.009577767633258003,False
f_g_pv_oi_momentum_logx_v_skew_ma5,0.005039583798469426,False
f_g_pv_oi_momentum_x_vol_chg_dispersion,,False
f_g_pv_oi_momentum_div_vol_chg_dispersion,0.022956283338488374,False
f_g_pv_oi_momentum_logx_vol_chg_dispersion,0.003341962360172995,False
f_g_pv_oi_momentum_x_vol_wsr,0.03671636453176971,False
f_g_pv_oi_momentum_div_vol_wsr,-0.04968375120312331,False
f_g_pv_oi_momentum_logx_vol_wsr,-0.06161153711360438,False
f_g_pv_oi_momentum_x_volatility_10_dispersion,0.025612061375020676,False
f_g_pv_oi_momentum_div_volatility_10_dispersion,-0.007594920774478717,False
f_g_pv_oi_momentum_logx_volatility_10_dispersion,0.012174284399148817,False
f_g_pv_oi_momentum_x_wad,0.06748574887101436,False
f_g_pv_oi_momentum_div_wad,-0.038587858291206575,False
f_g_pv_oi_momentum_logx_wad,0.08924826259668638,False
f_g_pv_oi_momentum_x_wad_valid,0.03649724416834991,False
f_g_pv_oi_momentum_div_wad_valid,-0.01597526997494572,False
f_g_pv_oi_momentum_logx_wad_valid,0.017989486370813438,False
f_g_pv_oi_momentum_x_f_oi_hurst_20,-0.09017825868726326,False
f_g_pv_oi_momentum_div_f_oi_hurst_20,0.04797143145844035,False
f_g_pv_oi_momentum_logx_f_oi_hurst_20,0.04697024731249717,False
f_g_pv_oi_momentum_x_f_oi_hurst_20_ts_z,-0.07698634818535646,False
f_g_pv_oi_momentum_div_f_oi_hurst_20_ts_z,-0.014039456207349104,False
f_g_pv_oi_momentum_logx_f_oi_hurst_20_ts_z,0.04253792245478274,False
f_g_pv_oi_vol_ratio_x_pv_oi_vol_ratio,-0.03785413842831135,False
f_g_pv_oi_vol_ratio_sq,-0.03785413842831135,False
f_g_pv_oi_vol_ratio_cube,-0.04498775644655578,False
f_g_pv_oi_vol_ratio_div_pv_oi_vol_ratio,0.02972876362027173,False
f_g_pv_oi_vol_ratio_logx_pv_oi_vol_ratio,0.017530873829531314,False
f_g_pv_oi_vol_ratio_x_pv_skew_ma5,-0.03253158191144306,False
f_g_pv_oi_vol_ratio_div_pv_skew_ma5,-0.015549054765696766,False
f_g_pv_oi_vol_ratio_logx_pv_skew_ma5,-0.030557813977170698,False
f_g_pv_oi_vol_ratio_x_pv_wad,-0.06315364222886272,False
f_g_pv_oi_vol_ratio_div_pv_wad,0.030908594484916035,False
f_g_pv_oi_vol_ratio_logx_pv_wad,0.016860556436108762,False
f_g_pv_oi_vol_ratio_x_v_skew_ma5,-0.03355386042728901,False
f_g_pv_oi_vol_ratio_div_v_skew_ma5,-0.01819330165361517,False
f_g_pv_oi_vol_ratio_logx_v_skew_ma5,-0.03233625773098491,False
f_g_pv_oi_vol_ratio_x_vol_chg_dispersion,,False
f_g_pv_oi_vol_ratio_div_vol_chg_dispersion,-0.02894030929549326,False
f_g_pv_oi_vol_ratio_logx_vol_chg_dispersion,-0.05851385113174815,False
f_g_pv_oi_vol_ratio_x_vol_wsr,0.03919088851535905,False
f_g_pv_oi_vol_ratio_div_vol_wsr,-0.045486147529164016,False
f_g_pv_oi_vol_ratio_logx_vol_wsr,-0.0476897068221774,False
f_g_pv_oi_vol_ratio_x_volatility_10_dispersion,-0.026579952911767086,False
f_g_pv_oi_vol_ratio_div_volatility_10_dispersion,-0.00882368821400673,False
f_g_pv_oi_vol_ratio_logx_volatility_10_dispersion,-0.018856730280744135,False
f_g_pv_oi_vol_ratio_x_wad,-0.02701947455739862,False
f_g_pv_oi_vol_ratio_div_wad,-0.023592098114726807,False
f_g_pv_oi_vol_ratio_logx_wad,-0.011821434178760812,False
f_g_pv_oi_vol_ratio_x_wad_valid,-0.02777012718079524,False
f_g_pv_oi_vol_ratio_div_wad_valid,-0.024384810109619483,False
f_g_pv_oi_vol_ratio_logx_wad_valid,-0.032078311025489664,False
f_g_pv_oi_vol_ratio_x_f_oi_hurst_20,-0.07124462066592713,False
f_g_pv_oi_vol_ratio_div_f_oi_hurst_20,0.05704719131271398,False
f_g_pv_oi_vol_ratio_logx_f_oi_hurst_20,0.0788124493381967,False
f_g_pv_oi_vol_ratio_x_f_oi_hurst_20_ts_z,-0.046031568751460965,False
f_g_pv_oi_vol_ratio_div_f_oi_hurst_20_ts_z,-0.030749552165068535,False
f_g_pv_oi_vol_ratio_logx_f_oi_hurst_20_ts_z,0.08036640319997757,False
f_g_pv_skew_ma5_x_pv_skew_ma5,-0.01506785838811627,False
f_g_pv_skew_ma5_sq,-0.01506785838811627,False
f_g_pv_skew_ma5_cube,-0.014161541016545017,False
f_g_pv_skew_ma5_div_pv_skew_ma5,-0.03549426250390766,False
f_g_pv_skew_ma5_logx_pv_skew_ma5,0.0007988581427692947,False
f_g_pv_skew_ma5_x_pv_wad,-0.07169286478735055,False
f_g_pv_skew_ma5_div_pv_wad,0.010672872741106431,False
f_g_pv_skew_ma5_logx_pv_wad,0.038299579822410126,False
f_g_pv_skew_ma5_x_v_skew_ma5,-0.015277186316003945,False
f_g_pv_skew_ma5_div_v_skew_ma5,0.009097836385172786,False
f_g_pv_skew_ma5_logx_v_skew_ma5,-0.01575464254884278,False
f_g_pv_skew_ma5_x_vol_chg_dispersion,,False
f_g_pv_skew_ma5_div_vol_chg_dispersion,-0.013637511294382938,False
f_g_pv_skew_ma5_logx_vol_chg_dispersion,-0.021718524812888027,False
f_g_pv_skew_ma5_x_vol_wsr,0.05307051770545434,False
f_g_pv_skew_ma5_div_vol_wsr,-0.0311303480542163,False
f_g_pv_skew_ma5_logx_vol_wsr,-0.06419425481344802,False
f_g_pv_skew_ma5_x_volatility_10_dispersion,-0.01770896954798832,False
f_g_pv_skew_ma5_div_volatility_10_dispersion,0.019750399784968023,False
f_g_pv_skew_ma5_logx_volatility_10_dispersion,-0.006125045879585056,False
f_g_pv_skew_ma5_x_wad,-0.030296975146364463,False
f_g_pv_skew_ma5_div_wad,-0.02208688592388583,False
f_g_pv_skew_ma5_logx_wad,0.0025943841229840387,False
f_g_pv_skew_ma5_x_wad_valid,-0.007231667360632791,False
f_g_pv_skew_ma5_div_wad_valid,-0.006334366143243876,False
f_g_pv_skew_ma5_logx_wad_valid,-0.0022990099466366183,False
f_g_pv_skew_ma5_x_f_oi_hurst_20,-0.08508257194304768,False
f_g_pv_skew_ma5_div_f_oi_hurst_20,0.021600096290134364,False
f_g_pv_skew_ma5_logx_f_oi_hurst_20,0.06247377662081096,False
f_g_pv_skew_ma5_x_f_oi_hurst_20_ts_z,-0.06364861971839682,False
f_g_pv_skew_ma5_div_f_oi_hurst_20_ts_z,-0.05908376963252549,False
f_g_pv_skew_ma5_logx_f_oi_hurst_20_ts_z,0.060706001340276455,False
f_g_pv_wad_x_pv_wad,-0.08247035092478053,False
f_g_pv_wad_sq,-0.08247035092478053,False
f_g_pv_wad_cube,-0.08045533939904069,False
f_g_pv_wad_div_pv_wad,-0.057227043904666916,False
f_g_pv_wad_logx_pv_wad,0.03214682104541954,False
f_g_pv_wad_x_v_skew_ma5,-0.07123779794464494,False
f_g_pv_wad_div_v_skew_ma5,-0.046808823071062045,False
f_g_pv_wad_logx_v_skew_ma5,-0.029844691908044833,False
f_g_pv_wad_x_vol_chg_dispersion,,False
f_g_pv_wad_div_vol_chg_dispersion,-0.07774892121122416,False
f_g_pv_wad_logx_vol_chg_dispersion,0.0006386718996079164,False
f_g_pv_wad_x_vol_wsr,0.05205510080749453,False
f_g_pv_wad_div_vol_wsr,-0.046489677018724425,False
f_g_pv_wad_logx_vol_wsr,-0.043130188492908395,False
f_g_pv_wad_x_volatility_10_dispersion,-0.0754127014577185,False
f_g_pv_wad_div_volatility_10_dispersion,-0.03195323945415479,False
f_g_pv_wad_logx_volatility_10_dispersion,-0.05527849562053676,False
f_g_pv_wad_x_wad,-0.0521125531885121,False
f_g_pv_wad_div_wad,-0.055058695740884636,False
f_g_pv_wad_logx_wad,-0.07448365127027239,False
f_g_pv_wad_x_wad_valid,-0.05775602227874498,False
f_g_pv_wad_div_wad_valid,-0.04681557624506785,False
f_g_pv_wad_logx_wad_valid,-0.04896880179509078,False
f_g_pv_wad_x_f_oi_hurst_20,-0.11067775889609595,False
f_g_pv_wad_div_f_oi_hurst_20,0.007116444675783288,False
f_g_pv_wad_logx_f_oi_hurst_20,0.02268373952581437,False
f_g_pv_wad_x_f_oi_hurst_20_ts_z,-0.09491214998504212,False
f_g_pv_wad_div_f_oi_hurst_20_ts_z,-0.07726364489738904,False
f_g_pv_wad_logx_f_oi_hurst_20_ts_z,0.02335360735761779,False
f_g_v_skew_ma5_x_v_skew_ma5,-0.015378319410703285,False
f_g_v_skew_ma5_sq,-0.015378319410703285,False
f_g_v_skew_ma5_cube,-0.014892209860610559,False
f_g_v_skew_ma5_div_v_skew_ma5,-0.03433318733822099,False
f_g_v_skew_ma5_logx_v_skew_ma5,-0.00220730726686927,False
f_g_v_skew_ma5_x_vol_chg_dispersion,,False
f_g_v_skew_ma5_div_vol_chg_dispersion,-0.012768305311062598,False
f_g_v_skew_ma5_logx_vol_chg_dispersion,-0.02189966565251425,False
f_g_v_skew_ma5_x_vol_wsr,0.05268691090040333,False
f_g_v_skew_ma5_div_vol_wsr,-0.02621448633240539,False
f_g_v_skew_ma5_logx_vol_wsr,-0.06144698102617232,False
f_g_v_skew_ma5_x_volatility_10_dispersion,-0.017541334981222644,False
f_g_v_skew_ma5_div_volatility_10_dispersion,0.022651669110991136,False
f_g_v_skew_ma5_logx_volatility_10_dispersion,-0.004767893220709923,False
f_g_v_skew_ma5_x_wad,-0.029890595509178726,False
f_g_v_skew_ma5_div_wad,-0.021015951639645352,False
f_g_v_skew_ma5_logx_wad,0.0051214965564478675,False
f_g_v_skew_ma5_x_wad_valid,-0.006971519898404549,False
f_g_v_skew_ma5_div_wad_valid,-0.001590339236175459,False
f_g_v_skew_ma5_logx_wad_valid,0.0007978096215073618,False
f_g_v_skew_ma5_x_f_oi_hurst_20,-0.08571421959027103,False
f_g_v_skew_ma5_div_f_oi_hurst_20,0.02134671176361368,False
f_g_v_skew_ma5_logx_f_oi_hurst_20,0.06288892507426536,False
f_g_v_skew_ma5_x_f_oi_hurst_20_ts_z,-0.06372518995311682,False
f_g_v_skew_ma5_div_f_oi_hurst_20_ts_z,-0.05918753413541365,False
f_g_v_skew_ma5_logx_f_oi_hurst_20_ts_z,0.06073270071731585,False
f_g_vol_chg_dispersion_x_vol_chg_dispersion,,False
f_g_vol_chg_dispersion_sq,,False
f_g_vol_chg_dispersion_cube,,False
f_g_vol_chg_dispersion_x_vol_wsr,0.03129812303526791,False
f_g_vol_chg_dispersion_div_vol_wsr,-0.07143821972667481,False
f_g_vol_chg_dispersion_logx_vol_wsr,0.03129812303526791,False
f_g_vol_chg_dispersion_x_volatility_10_dispersion,,False
f_g_vol_chg_dispersion_div_volatility_10_dispersion,,False
f_g_vol_chg_dispersion_logx_volatility_10_dispersion,,False
f_g_vol_chg_dispersion_x_wad,,False
f_g_vol_chg_dispersion_div_wad,,False
f_g_vol_chg_dispersion_logx_wad,-0.015669897381044757,False
f_g_vol_chg_dispersion_x_wad_valid,,False
f_g_vol_chg_dispersion_div_wad_valid,,False
f_g_vol_chg_dispersion_logx_wad_valid,0.01363515001568179,False
f_g_vol_chg_dispersion_x_f_oi_hurst_20,-0.06690224337778201,False
f_g_vol_chg_dispersion_div_f_oi_hurst_20,,False
f_g_vol_chg_dispersion_logx_f_oi_hurst_20,-0.09649847790209828,False
f_g_vol_chg_dispersion_x_f_oi_hurst_20_ts_z,-0.062238443200894854,False
f_g_vol_chg_dispersion_div_f_oi_hurst_20_ts_z,,False
f_g_vol_chg_dispersion_logx_f_oi_hurst_20_ts_z,-0.08044575932810386,False
f_g_vol_wsr_x_vol_wsr,0.04245359273711129,False
f_g_vol_wsr_sq,0.04245359273711129,False
f_g_vol_wsr_cube,0.04548440083957038,False
f_g_vol_wsr_div_vol_wsr,0.03218410320472753,False
f_g_vol_wsr_logx_vol_wsr,0.07201768801392217,False
f_g_vol_wsr_x_volatility_10_dispersion,0.027536857321605893,False
f_g_vol_wsr_div_volatility_10_dispersion,0.030190097053779525,False
f_g_vol_wsr_logx_volatility_10_dispersion,0.06988418451218623,False
f_g_vol_wsr_x_wad,0.020102755193854734,False
f_g_vol_wsr_div_wad,0.045282261748731636,False
f_g_vol_wsr_logx_wad,0.01154169023069197,False
f_g_vol_wsr_x_wad_valid,0.05710814167388893,False
f_g_vol_wsr_div_wad_valid,0.03732043808656178,False
f_g_vol_wsr_logx_wad_valid,0.07127086575340318,False
f_g_vol_wsr_x_f_oi_hurst_20,-0.05610604046755249,False
f_g_vol_wsr_div_f_oi_hurst_20,0.052435294392517436,False
f_g_vol_wsr_logx_f_oi_hurst_20,-0.07252526437507838,False
f_g_vol_wsr_x_f_oi_hurst_20_ts_z,-0.026404791883913068,False
f_g_vol_wsr_div_f_oi_hurst_20_ts_z,0.05170667399999313,False
f_g_vol_wsr_logx_f_oi_hurst_20_ts_z,-0.05201320022045915,False
f_g_volatility_10_dispersion_x_volatility_10_dispersion,,False
f_g_volatility_10_dispersion_sq,,False
f_g_volatility_10_dispersion_cube,,False
f_g_volatility_10_dispersion_x_wad,-0.01549449342359047,False
f_g_volatility_10_dispersion_div_wad,-0.017370633026115218,False
f_g_volatility_10_dispersion_logx_wad,0.015494492399258694,False
f_g_volatility_10_dispersion_x_wad_valid,0.013635150015681784,False
f_g_volatility_10_dispersion_div_wad_valid,-0.013635150015681793,False
f_g_volatility_10_dispersion_logx_wad_valid,-0.013635150015681823,False
f_g_volatility_10_dispersion_x_f_oi_hurst_20,-0.08919358494890621,False
f_g_volatility_10_dispersion_div_f_oi_hurst_20,0.026518504173630667,False
f_g_volatility_10_dispersion_logx_f_oi_hurst_20,0.09031544523068964,False
f_g_volatility_10_dispersion_x_f_oi_hurst_20_ts_z,-0.07564622828777336,False
f_g_volatility_10_dispersion_div_f_oi_hurst_20_ts_z,-0.029549131219548542,False
f_g_volatility_10_dispersion_logx_f_oi_hurst_20_ts_z,0.07726418658312827,False
f_g_wad_x_wad,-0.034388162781252146,False
f_g_wad_sq,-0.034388162781252146,False
f_g_wad_cube,-0.04006792075016755,False
f_g_wad_div_wad,0.014047398327470087,False
f_g_wad_logx_wad,0.00427846821665511,False
f_g_wad_x_wad_valid,-0.018669319251131047,False
f_g_wad_div_wad_valid,-0.01866931843820874,False
f_g_wad_logx_wad_valid,0.007425277131669058,False
f_g_wad_x_f_oi_hurst_20,-0.0959555419976473,False
f_g_wad_div_f_oi_hurst_20,0.006080106552696262,False
f_g_wad_logx_f_oi_hurst_20,0.06818323848312066,False
f_g_wad_x_f_oi_hurst_20_ts_z,-0.07980199730758887,False
f_g_wad_div_f_oi_hurst_20_ts_z,-0.053801372544699744,False
f_g_wad_logx_f_oi_hurst_20_ts_z,0.05753500236832683,False
f_g_wad_valid_x_wad_valid,0.01363515001568173,False
f_g_wad_valid_sq,0.01363515001568173,False
f_g_wad_valid_cube,0.013635150015681753,False
f_g_wad_valid_div_wad_valid,0.013635150015681783,False
f_g_wad_valid_logx_wad_valid,-0.013635150015681812,False
f_g_wad_valid_x_f_oi_hurst_20,-0.09543243578869036,False
f_g_wad_valid_div_f_oi_hurst_20,0.04175190445321349,False
f_g_wad_valid_logx_f_oi_hurst_20,0.06268405595308427,False
f_g_wad_valid_x_f_oi_hurst_20_ts_z,-0.08247489748202053,False
f_g_wad_valid_div_f_oi_hurst_20_ts_z,-0.04012926685940461,False
f_g_wad_valid_logx_f_oi_hurst_20_ts_z,0.048481517332193566,False
f_g_f_oi_hurst_20_x_f_oi_hurst_20,-0.004592172709216618,False
f_g_f_oi_hurst_20_sq,-0.004592172709216618,False
f_g_f_oi_hurst_20_cube,-0.06777997219073963,False
f_g_f_oi_hurst_20_div_f_oi_hurst_20,-0.0668099013604027,False
f_g_f_oi_hurst_20_logx_f_oi_hurst_20,-0.04484570999381509,False
f_g_f_oi_hurst_20_x_f_oi_hurst_20_ts_z,0.014968707914635846,False
f_g_f_oi_hurst_20_div_f_oi_hurst_20_ts_z,-0.12171946937021823,False
f_g_f_oi_hurst_20_logx_f_oi_hurst_20_ts_z,-0.021506947396300585,False
f_g_f_oi_hurst_20_ts_z_x_f_oi_hurst_20_ts_z,0.06379888326562796,False
f_g_f_oi_hurst_20_ts_z_sq,0.06379888326562796,False
f_g_f_oi_hurst_20_ts_z_cube,-0.06424288530567125,False
f_农产品_f_relative_rsi_diff_x_f_relative_rsi_diff,0.04272672449662842,False
f_农产品_f_relative_rsi_diff_sq,0.04272672449662842,False
f_农产品_f_relative_rsi_diff_cube,-0.006761399458687535,False
f_农产品_f_relative_rsi_diff_div_f_relative_rsi_diff,-0.008640683345841867,False
f_农产品_f_relative_rsi_diff_logx_f_relative_rsi_diff,0.03759395794702279,False
f_农产品_f_relative_rsi_diff_x_hurst_signal_long,-0.001632420259014071,False
f_农产品_f_relative_rsi_diff_div_hurst_signal_long,-0.008330551188470002,False
f_农产品_f_relative_rsi_diff_logx_hurst_signal_long,0.0066940127181609075,False
f_农产品_f_relative_rsi_diff_x_hurst_signal_short,0.015422302607251132,False
f_农产品_f_relative_rsi_diff_div_hurst_signal_short,-0.013534399729599212,False
f_农产品_f_relative_rsi_diff_logx_hurst_signal_short,0.0020599694199246957,False
f_农产品_f_relative_rsi_diff_x_hurst_strength,0.019585576347620853,False
f_农产品_f_relative_rsi_diff_div_hurst_strength,0.01019293677813788,False
f_农产品_f_relative_rsi_diff_logx_hurst_strength,0.012328174663663649,False
f_农产品_f_relative_rsi_diff_x_hurst_value,0.025247044083802107,False
f_农产品_f_relative_rsi_diff_div_hurst_value,-0.004650680758765935,False
f_农产品_f_relative_rsi_diff_logx_hurst_value,-0.010568374515143291,False
f_农产品_f_relative_rsi_diff_x_kc_width,0.021008987008852228,False
f_农产品_f_relative_rsi_diff_div_kc_width,-0.016642140876435507,False
f_农产品_f_relative_rsi_diff_logx_kc_width,-0.0012330135782649754,False
f_农产品_f_relative_rsi_diff_x_ma5,-0.004717197149215565,False
f_农产品_f_relative_rsi_diff_div_ma5,-0.008929280914317326,False
f_农产品_f_relative_rsi_diff_logx_ma5,0.004184677206057833,False
f_农产品_f_relative_rsi_diff_x_mfi_index,0.007465892208957752,False
f_农产品_f_relative_rsi_diff_div_mfi_index,-0.008624448767520458,False
f_农产品_f_relative_rsi_diff_logx_mfi_index,0.040027193035966586,False
f_农产品_f_relative_rsi_diff_x_momentum_5,0.0023336478549658628,False
f_农产品_f_relative_rsi_diff_div_momentum_5,0.001333800361099845,False
f_农产品_f_relative_rsi_diff_logx_momentum_5,0.00934236571411629,False
f_农产品_f_relative_rsi_diff_x_oi_chg,0.02696561977811772,False
f_农产品_f_relative_rsi_diff_div_oi_chg,-0.021424518911521796,False
f_农产品_f_relative_rsi_diff_logx_oi_chg,-0.020862799041117736,False
f_农产品_f_relative_rsi_diff_x_pv_oi_diff,0.007793829796705969,False
f_农产品_f_relative_rsi_diff_div_pv_oi_diff,-0.005501953090439956,False
f_农产品_f_relative_rsi_diff_logx_pv_oi_diff,-0.013185976926468492,False
f_农产品_f_relative_rsi_diff_x_pv_oi_efficiency,0.01941001811263387,False
f_农产品_f_relative_rsi_diff_div_pv_oi_efficiency,-0.006427048174683765,False
f_农产品_f_relative_rsi_diff_logx_pv_oi_efficiency,0.04274291398222344,False
f_农产品_f_relative_rsi_diff_x_pv_oi_momentum,0.014692768657933683,False
f_农产品_f_relative_rsi_diff_div_pv_oi_momentum,-0.008826422713908306,False
f_农产品_f_relative_rsi_diff_logx_pv_oi_momentum,0.0010834002944701275,False
f_农产品_f_relative_rsi_diff_x_pv_oi_vol_ratio,-0.013292269252985732,False
f_农产品_f_relative_rsi_diff_div_pv_oi_vol_ratio,0.0009806049543576976,False
f_农产品_f_relative_rsi_diff_logx_pv_oi_vol_ratio,-0.007499814529916495,False
f_农产品_f_relative_rsi_diff_x_pv_skew_ma5,-0.005374746302347123,False
f_农产品_f_relative_rsi_diff_div_pv_skew_ma5,-0.004263353246100326,False
f_农产品_f_relative_rsi_diff_logx_pv_skew_ma5,0.013474443966254405,False
f_农产品_f_relative_rsi_diff_x_pv_wad,0.022576405757986733,False
f_农产品_f_relative_rsi_diff_div_pv_wad,-0.007013079333117009,False
f_农产品_f_relative_rsi_diff_logx_pv_wad,0.008088065864325897,False
f_农产品_f_relative_rsi_diff_x_v_skew_ma5,-0.004755013593567291,False
f_农产品_f_relative_rsi_diff_div_v_skew_ma5,-0.0037741606390035236,False
f_农产品_f_relative_rsi_diff_logx_v_skew_ma5,0.010480229507496447,False
f_农产品_f_relative_rsi_diff_x_vol_chg_dispersion,-0.002481730627959842,False
f_农产品_f_relative_rsi_diff_div_vol_chg_dispersion,0.0031970384875029314,False
f_农产品_f_relative_rsi_diff_logx_vol_chg_dispersion,0.0387212223613347,False
f_农产品_f_relative_rsi_diff_x_vol_wsr,-0.0021583264576148123,False
f_农产品_f_relative_rsi_diff_div_vol_wsr,0.08120913420375253,False
f_农产品_f_relative_rsi_diff_logx_vol_wsr,0.021736461703873437,False
f_农产品_f_relative_rsi_diff_x_volatility_10_dispersion,0.003197037898130211,False
f_农产品_f_relative_rsi_diff_div_volatility_10_dispersion,-0.0019901640380463746,False
f_农产品_f_relative_rsi_diff_logx_volatility_10_dispersion,0.012944125793592172,False
f_农产品_f_relative_rsi_diff_x_wad,0.05978653661237816,False
f_农产品_f_relative_rsi_diff_div_wad,-0.011268400721421745,False
f_农产品_f_relative_rsi_diff_logx_wad,0.010235964661493001,False
f_农产品_f_relative_rsi_diff_x_wad_valid,0.0015152094415780267,False
f_农产品_f_relative_rsi_diff_div_wad_valid,-0.009832373011383592,False
f_农产品_f_relative_rsi_diff_logx_wad_valid,0.01294412492035187,False
f_农产品_f_relative_rsi_diff_x_f_oi_hurst_20,-0.02624424182780446,False
f_农产品_f_relative_rsi_diff_div_f_oi_hurst_20,-0.009624954657976009,False
f_农产品_f_relative_rsi_diff_logx_f_oi_hurst_20,0.028353268150333212,False
f_农产品_f_relative_rsi_diff_x_f_oi_hurst_20_ts_z,0.004297003527136152,False
f_农产品_f_relative_rsi_diff_div_f_oi_hurst_20_ts_z,-0.009291095488988323,False
f_农产品_f_relative_rsi_diff_logx_f_oi_hurst_20_ts_z,0.01884077396639622,False
f_农产品_hurst_signal_long_x_hurst_signal_long,-0.07020969913795501,False
f_农产品_hurst_signal_long_sq,-0.07020969913795501,False
f_农产品_hurst_signal_long_cube,-0.07020969913795501,False
f_农产品_hurst_signal_long_div_hurst_signal_long,0.037905241237530266,False
f_农产品_hurst_signal_long_logx_hurst_signal_long,0.070209699137955,False
f_农产品_hurst_signal_long_x_hurst_signal_short,-0.048805393645267946,False
f_农产品_hurst_signal_long_div_hurst_signal_short,-0.005751192625406836,False
f_农产品_hurst_signal_long_logx_hurst_signal_short,-0.0077550056188604366,False
f_农产品_hurst_signal_long_x_hurst_strength,0.016038892069990932,False
f_农产品_hurst_signal_long_div_hurst_strength,-0.07411100555723477,False
f_农产品_hurst_signal_long_logx_hurst_strength,-0.056156241863785816,False
f_农产品_hurst_signal_long_x_hurst_value,-0.07210453745799551,False
f_农产品_hurst_signal_long_div_hurst_value,-0.023425178758109608,False
f_农产品_hurst_signal_long_logx_hurst_value,0.026593542971055362,False
f_农产品_hurst_signal_long_x_kc_width,0.001477530360285509,False
f_农产品_hurst_signal_long_div_kc_width,-0.018347533865466406,False
f_农产品_hurst_signal_long_logx_kc_width,-0.03829180624902511,False
f_农产品_hurst_signal_long_x_ma5,-0.07959384010473931,False
f_农产品_hurst_signal_long_div_ma5,0.06225870644417634,False
f_农产品_hurst_signal_long_logx_ma5,0.05343059740098348,False
f_农产品_hurst_signal_long_x_mfi_index,-0.016094535775698103,False
f_农产品_hurst_signal_long_div_mfi_index,-0.02259596293992966,False
f_农产品_hurst_signal_long_logx_mfi_index,-0.015032700285793189,False
f_农产品_hurst_signal_long_x_momentum_5,-0.040864057752609,False
f_农产品_hurst_signal_long_div_momentum_5,0.016829615858420993,False
f_农产品_hurst_signal_long_logx_momentum_5,0.028357591520124997,False
f_农产品_hurst_signal_long_x_oi_chg,-0.04431041610722474,False
f_农产品_hurst_signal_long_div_oi_chg,-0.10519559621585908,False
f_农产品_hurst_signal_long_logx_oi_chg,0.03891550293934553,False
f_农产品_hurst_signal_long_x_pv_oi_diff,-0.05112540543741633,False
f_农产品_hurst_signal_long_div_pv_oi_diff,0.05316618387411033,False
f_农产品_hurst_signal_long_logx_pv_oi_diff,0.022604361450139117,False
f_农产品_hurst_signal_long_x_pv_oi_efficiency,0.07188927509625848,False
f_农产品_hurst_signal_long_div_pv_oi_efficiency,-0.13605435781156147,False
f_农产品_hurst_signal_long_logx_pv_oi_efficiency,-0.08838817441831422,False
f_农产品_hurst_signal_long_x_pv_oi_momentum,-0.027464851257580827,False
f_农产品_hurst_signal_long_div_pv_oi_momentum,0.050067946770574794,False
f_农产品_hurst_signal_long_logx_pv_oi_momentum,0.01722352789169931,False
f_农产品_hurst_signal_long_x_pv_oi_vol_ratio,-0.03955595222069748,False
f_农产品_hurst_signal_long_div_pv_oi_vol_ratio,0.020955138407717948,False
f_农产品_hurst_signal_long_logx_pv_oi_vol_ratio,0.024517372015380776,False
f_农产品_hurst_signal_long_x_pv_skew_ma5,0.009953380296075554,False
f_农产品_hurst_signal_long_div_pv_skew_ma5,-0.0509975781414316,False
f_农产品_hurst_signal_long_logx_pv_skew_ma5,-0.044659755685425004,False
f_农产品_hurst_signal_long_x_pv_wad,0.004518971776057898,False
f_农产品_hurst_signal_long_div_pv_wad,-0.012195457487887239,False
f_农产品_hurst_signal_long_logx_pv_wad,-0.04311439304635906,False
f_农产品_hurst_signal_long_x_v_skew_ma5,0.010851684199778971,False
f_农产品_hurst_signal_long_div_v_skew_ma5,-0.052909914595460794,False
f_农产品_hurst_signal_long_logx_v_skew_ma5,-0.044879370056191886,False
f_农产品_hurst_signal_long_x_vol_chg_dispersion,,False
f_农产品_hurst_signal_long_div_vol_chg_dispersion,-0.070209699137955,False
f_农产品_hurst_signal_long_logx_vol_chg_dispersion,0.004799666103398142,False
f_农产品_hurst_signal_long_x_vol_wsr,0.00662517046572832,False
f_农产品_hurst_signal_long_div_vol_wsr,-0.011153455152587553,False
f_农产品_hurst_signal_long_logx_vol_wsr,-0.016778748277666743,False
f_农产品_hurst_signal_long_x_volatility_10_dispersion,-0.070209699137955,False
f_农产品_hurst_signal_long_div_volatility_10_dispersion,,False
f_农产品_hurst_signal_long_logx_volatility_10_dispersion,-0.070209699137955,False
f_农产品_hurst_signal_long_x_wad,-0.00075944021948716,False
f_农产品_hurst_signal_long_div_wad,-0.06528037411332141,False
f_农产品_hurst_signal_long_logx_wad,-0.028864966102925233,False
f_农产品_hurst_signal_long_x_wad_valid,-0.070209699137955,False
f_农产品_hurst_signal_long_div_wad_valid,-0.070209699137955,False
f_农产品_hurst_signal_long_logx_wad_valid,-0.07020969913795501,False
f_农产品_hurst_signal_long_x_f_oi_hurst_20,-0.049856344249882924,False
f_农产品_hurst_signal_long_div_f_oi_hurst_20,0.16660956706352567,False
f_农产品_hurst_signal_long_logx_f_oi_hurst_20,0.02857449696868856,False
f_农产品_hurst_signal_long_x_f_oi_hurst_20_ts_z,-0.04341478234302373,False
f_农产品_hurst_signal_long_div_f_oi_hurst_20_ts_z,0.040449459072029806,False
f_农产品_hurst_signal_long_logx_f_oi_hurst_20_ts_z,0.024639330314345825,False
f_农产品_hurst_signal_short_x_hurst_signal_short,-0.015502288657205677,False
f_农产品_hurst_signal_short_sq,-0.015502288657205677,False
f_农产品_hurst_signal_short_cube,-0.01550228865720567,False
f_农产品_hurst_signal_short_div_hurst_signal_short,0.015121437270996919,False
f_农产品_hurst_signal_short_logx_hurst_signal_short,0.015502288657205677,False
f_农产品_hurst_signal_short_x_hurst_strength,0.03553178039060969,False
f_农产品_hurst_signal_short_div_hurst_strength,-0.07310547336805633,False
f_农产品_hurst_signal_short_logx_hurst_strength,-0.031150107815677387,False
f_农产品_hurst_signal_short_x_hurst_value,-0.04331993863951151,False
f_农产品_hurst_signal_short_div_hurst_value,-0.018795609726618364,False
f_农产品_hurst_signal_short_logx_hurst_value,0.043262792400314616,False
f_农产品_hurst_signal_short_x_kc_width,-0.008708949052754818,False
f_农产品_hurst_signal_short_div_kc_width,-0.011527991967662042,False
f_农产品_hurst_signal_short_logx_kc_width,-0.027594119016964035,False
f_农产品_hurst_signal_short_x_ma5,-0.06518468934254941,False
f_农产品_hurst_signal_short_div_ma5,0.08040312678347943,False
f_农产品_hurst_signal_short_logx_ma5,0.04671599577852377,False
f_农产品_hurst_signal_short_x_mfi_index,0.002227134783956629,False
f_农产品_hurst_signal_short_div_mfi_index,-0.011959813038292657,False
f_农产品_hurst_signal_short_logx_mfi_index,0.028043238079200165,False
f_农产品_hurst_signal_short_x_momentum_5,-0.03868756609895607,False
f_农产品_hurst_signal_short_div_momentum_5,0.011147459814429304,False
f_农产品_hurst_signal_short_logx_momentum_5,0.03350103429921285,False
f_农产品_hurst_signal_short_x_oi_chg,-0.04414350566481981,False
f_农产品_hurst_signal_short_div_oi_chg,-0.10918185639068176,False
f_农产品_hurst_signal_short_logx_oi_chg,0.040605227015558645,False
f_农产品_hurst_signal_short_x_pv_oi_diff,-0.06008214033893008,False
f_农产品_hurst_signal_short_div_pv_oi_diff,0.0669635383129901,False
f_农产品_hurst_signal_short_logx_pv_oi_diff,0.02596271180825942,False
f_农产品_hurst_signal_short_x_pv_oi_efficiency,0.09123854083070435,False
f_农产品_hurst_signal_short_div_pv_oi_efficiency,-0.13146799070440368,False
f_农产品_hurst_signal_short_logx_pv_oi_efficiency,-0.06234919092507925,False
f_农产品_hurst_signal_short_x_pv_oi_momentum,-0.039431193078109765,False
f_农产品_hurst_signal_short_div_pv_oi_momentum,0.05256403687438443,False
f_农产品_hurst_signal_short_logx_pv_oi_momentum,0.0013387732906403424,False
f_化工_f_relative_rsi_diff_x_f_relative_rsi_diff,0.015243189581098677,False
f_化工_f_relative_rsi_diff_sq,0.015243189581098677,False
f_化工_f_relative_rsi_diff_cube,0.046869525791218496,False
f_化工_f_relative_rsi_diff_div_f_relative_rsi_diff,0.056804414017853744,False
f_化工_f_relative_rsi_diff_logx_f_relative_rsi_diff,0.08266747144840488,False
f_化工_f_relative_rsi_diff_x_hurst_signal_long,0.06832427785309339,False
f_化工_f_relative_rsi_diff_div_hurst_signal_long,0.05925776291318387,False
f_化工_f_relative_rsi_diff_logx_hurst_signal_long,0.013341894535789768,False
f_化工_f_relative_rsi_diff_x_hurst_signal_short,0.08356238696732195,False
f_化工_f_relative_rsi_diff_div_hurst_signal_short,0.0508019298035662,False
f_化工_f_relative_rsi_diff_logx_hurst_signal_short,0.016524534396543215,False
f_化工_f_relative_rsi_diff_x_hurst_strength,0.07370880836760152,False
f_化工_f_relative_rsi_diff_div_hurst_strength,0.05940464458098373,False
f_化工_f_relative_rsi_diff_logx_hurst_strength,0.10547510870159268,False
f_化工_f_relative_rsi_diff_x_hurst_value,0.10226199810881433,False
f_化工_f_relative_rsi_diff_div_hurst_value,0.07604454061215339,False
f_化工_f_relative_rsi_diff_logx_hurst_value,-0.059268847853089196,False
f_化工_f_relative_rsi_diff_x_kc_width,0.09340307390616606,False
f_化工_f_relative_rsi_diff_div_kc_width,0.053931164051888754,False
f_化工_f_relative_rsi_diff_logx_kc_width,0.028976930670688836,False
f_化工_f_relative_rsi_diff_x_ma5,0.02944198487664476,False
f_化工_f_relative_rsi_diff_div_ma5,0.056197183908638794,False
f_化工_f_relative_rsi_diff_logx_ma5,-0.007201617428955351,False
f_化工_f_relative_rsi_diff_x_mfi_index,0.05114599653017373,False
f_化工_f_relative_rsi_diff_div_mfi_index,0.05849987983224925,False
f_化工_f_relative_rsi_diff_logx_mfi_index,0.027205410346725866,False
f_化工_f_relative_rsi_diff_x_momentum_5,0.06618816929403439,False
f_化工_f_relative_rsi_diff_div_momentum_5,0.05922725662530648,False
f_化工_f_relative_rsi_diff_logx_momentum_5,0.024241690017104404,False
f_化工_f_relative_rsi_diff_x_oi_chg,0.024442449072822916,False
f_化工_f_relative_rsi_diff_div_oi_chg,0.06246540124155437,False
f_化工_f_relative_rsi_diff_logx_oi_chg,-0.00843385506744277,False
f_化工_f_relative_rsi_diff_x_pv_oi_diff,0.06456204901162117,False
f_化工_f_relative_rsi_diff_div_pv_oi_diff,0.05139177996875533,False
f_化工_f_relative_rsi_diff_logx_pv_oi_diff,0.020004726128963625,False
f_化工_f_relative_rsi_diff_x_pv_oi_efficiency,0.07654696301522582,False
f_化工_f_relative_rsi_diff_div_pv_oi_efficiency,0.048100448976248246,False
f_化工_f_relative_rsi_diff_logx_pv_oi_efficiency,0.008464695457440911,False
f_化工_f_relative_rsi_diff_x_pv_oi_momentum,0.08037099736384799,False
f_化工_f_relative_rsi_diff_div_pv_oi_momentum,0.05591591163942434,False
f_化工_f_relative_rsi_diff_logx_pv_oi_momentum,0.040523280149941075,False
f_化工_f_relative_rsi_diff_x_pv_oi_vol_ratio,0.07808562495095926,False
f_化工_f_relative_rsi_diff_div_pv_oi_vol_ratio,0.048126934401559,False
f_化工_f_relative_rsi_diff_logx_pv_oi_vol_ratio,0.042510543351128624,False
f_化工_f_relative_rsi_diff_x_pv_skew_ma5,0.06400265298489637,False
f_化工_f_relative_rsi_diff_div_pv_skew_ma5,0.043646551510807555,False
f_化工_f_relative_rsi_diff_logx_pv_skew_ma5,-0.011987089579796587,False
f_化工_f_relative_rsi_diff_x_pv_wad,0.08998240130151446,False
f_化工_f_relative_rsi_diff_div_pv_wad,0.052349107607494436,False
f_化工_f_relative_rsi_diff_logx_pv_wad,-0.008219951853290653,False
f_化工_f_relative_rsi_diff_x_v_skew_ma5,0.06421762044762175,False
f_化工_f_relative_rsi_diff_div_v_skew_ma5,0.04502223001310504,False
f_化工_f_relative_rsi_diff_logx_v_skew_ma5,-0.009611372356771918,False
f_化工_f_relative_rsi_diff_x_vol_chg_dispersion,0.05861038655104895,False
f_化工_f_relative_rsi_diff_div_vol_chg_dispersion,0.09026074514888943,False
f_化工_f_relative_rsi_diff_logx_vol_chg_dispersion,0.03709741234632507,False
f_化工_f_relative_rsi_diff_x_vol_wsr,0.05177811516590142,False
f_化工_f_relative_rsi_diff_div_vol_wsr,0.06753900545596397,False
f_化工_f_relative_rsi_diff_logx_vol_wsr,0.04073431973339631,False
f_化工_f_relative_rsi_diff_x_volatility_10_dispersion,0.09026074598358587,False
f_化工_f_relative_rsi_diff_div_volatility_10_dispersion,0.05891501532798184,False
f_化工_f_relative_rsi_diff_logx_volatility_10_dispersion,0.02010002221448593,False
f_化工_f_relative_rsi_diff_x_wad,0.09010020179962225,False
f_化工_f_relative_rsi_diff_div_wad,0.05421848107883249,False
f_化工_f_relative_rsi_diff_logx_wad,-0.007386740236321668,False
f_化工_f_relative_rsi_diff_x_wad_valid,0.08013756122132681,False
f_化工_f_relative_rsi_diff_div_wad_valid,0.052883789339209744,False
f_化工_f_relative_rsi_diff_logx_wad_valid,0.020100021964573896,False
f_化工_f_relative_rsi_diff_x_f_oi_hurst_20,0.05673620705640786,False
f_化工_f_relative_rsi_diff_div_f_oi_hurst_20,0.07264685430191604,False
f_化工_f_relative_rsi_diff_logx_f_oi_hurst_20,-0.10284252358259151,False
f_化工_f_relative_rsi_diff_x_f_oi_hurst_20_ts_z,0.02882567628560299,False
f_化工_f_relative_rsi_diff_div_f_oi_hurst_20_ts_z,0.07420745595202148,False
f_化工_f_relative_rsi_diff_logx_f_oi_hurst_20_ts_z,-0.12803618995501684,False
f_化工_hurst_signal_long_x_hurst_signal_long,-0.13447932549293315,False
f_化工_hurst_signal_long_sq,-0.13447932549293315,False
f_化工_hurst_signal_long_cube,-0.13447932549293315,False
f_化工_hurst_signal_long_div_hurst_signal_long,0.12566281953090072,False
f_化工_hurst_signal_long_logx_hurst_signal_long,0.13447932549293315,False
f_化工_hurst_signal_long_x_hurst_signal_short,-0.08440539747306659,False
f_化工_hurst_signal_long_div_hurst_signal_short,-0.06297445448139936,False
f_化工_hurst_signal_long_logx_hurst_signal_short,-0.060209626754690444,False
f_化工_hurst_signal_long_x_hurst_strength,0.12330805584292515,False
f_化工_hurst_signal_long_div_hurst_strength,-0.10394558317272869,False
f_化工_hurst_signal_long_logx_hurst_strength,-0.1358529733939949,False
f_化工_hurst_signal_long_x_hurst_value,-0.12733959000368236,False
f_化工_hurst_signal_long_div_hurst_value,0.09005880172583781,False
f_化工_hurst_signal_long_logx_hurst_value,0.09246007002170413,False
f_化工_hurst_signal_long_x_kc_width,-0.06905088499527876,False
f_化工_hurst_signal_long_div_kc_width,0.018438716602940997,False
f_化工_hurst_signal_long_logx_kc_width,0.012878618297765645,False
f_化工_hurst_signal_long_x_ma5,-0.03150737070442079,False
f_化工_hurst_signal_long_div_ma5,0.016494206631953674,False
f_化工_hurst_signal_long_logx_ma5,-0.009945251632700016,False
f_化工_hurst_signal_long_x_mfi_index,-0.025895543489452867,False
f_化工_hurst_signal_long_div_mfi_index,0.03117989053580285,False
f_化工_hurst_signal_long_logx_mfi_index,-0.018130210720592826,False
f_化工_hurst_signal_long_x_momentum_5,-0.018371862411745696,False
f_化工_hurst_signal_long_div_momentum_5,-0.0008527387993425841,False
f_化工_hurst_signal_long_logx_momentum_5,-0.031120812760512994,False
f_化工_hurst_signal_long_x_oi_chg,-0.03535760716338271,False
f_化工_hurst_signal_long_div_oi_chg,0.007389417306996463,False
f_化工_hurst_signal_long_logx_oi_chg,0.03523208543861664,False
f_化工_hurst_signal_long_x_pv_oi_diff,-0.03505759303065851,False
f_化工_hurst_signal_long_div_pv_oi_diff,0.002921801279364157,False
f_化工_hurst_signal_long_logx_pv_oi_diff,-0.009768991438849756,False
f_化工_hurst_signal_long_x_pv_oi_efficiency,-0.009987085030170935,False
f_化工_hurst_signal_long_div_pv_oi_efficiency,-0.021347640776821348,False
f_化工_hurst_signal_long_logx_pv_oi_efficiency,-0.055509841187431595,False
f_化工_hurst_signal_long_x_pv_oi_momentum,-0.024495254036652998,False
f_化工_hurst_signal_long_div_pv_oi_momentum,0.034611562050264076,False
f_化工_hurst_signal_long_logx_pv_oi_momentum,-0.019981290925532795,False
f_化工_hurst_signal_long_x_pv_oi_vol_ratio,0.08013779444817748,False
f_化工_hurst_signal_long_div_pv_oi_vol_ratio,-0.10873590559963826,False
f_化工_hurst_signal_long_logx_pv_oi_vol_ratio,-0.11518141459341565,False
f_化工_hurst_signal_long_x_pv_skew_ma5,-0.037744626801178315,False
f_化工_hurst_signal_long_div_pv_skew_ma5,0.016175834533145222,False
f_化工_hurst_signal_long_logx_pv_skew_ma5,-0.027679068834860963,False
f_化工_hurst_signal_long_x_pv_wad,-0.09272549654183111,False
f_化工_hurst_signal_long_div_pv_wad,0.02499532555719119,False
f_化工_hurst_signal_long_logx_pv_wad,0.036418560385683724,False
f_化工_hurst_signal_long_x_v_skew_ma5,-0.04162752914302433,False
f_化工_hurst_signal_long_div_v_skew_ma5,0.02114759015862284,False
f_化工_hurst_signal_long_logx_v_skew_ma5,-0.025866435538470466,False
f_化工_hurst_signal_long_x_vol_chg_dispersion,,False
f_化工_hurst_signal_long_div_vol_chg_dispersion,-0.13447932549293318,False
f_化工_hurst_signal_long_logx_vol_chg_dispersion,,False
f_化工_hurst_signal_long_x_vol_wsr,0.1232535956191868,False
f_化工_hurst_signal_long_div_vol_wsr,-0.039146386532144646,False
f_化工_hurst_signal_long_logx_vol_wsr,-0.13815577744809399,False
f_化工_hurst_signal_long_x_volatility_10_dispersion,-0.13447932549293318,False
f_化工_hurst_signal_long_div_volatility_10_dispersion,,False
f_化工_hurst_signal_long_logx_volatility_10_dispersion,-0.13447932549293315,False
f_化工_hurst_signal_long_x_wad,-0.10469407888918959,False
f_化工_hurst_signal_long_div_wad,0.03143599996791658,False
f_化工_hurst_signal_long_logx_wad,0.032029563845731794,False
f_化工_hurst_signal_long_x_wad_valid,-0.13447932549293315,False
f_化工_hurst_signal_long_div_wad_valid,-0.13447932549293312,False
f_化工_hurst_signal_long_logx_wad_valid,-0.13447932549293315,False
f_化工_hurst_signal_long_x_f_oi_hurst_20,-0.11778308335833854,False
f_化工_hurst_signal_long_div_f_oi_hurst_20,-0.03268626728285286,False
f_化工_hurst_signal_long_logx_f_oi_hurst_20,0.0959952877368772,False
f_化工_hurst_signal_long_x_f_oi_hurst_20_ts_z,-0.14204962728046078,False
f_化工_hurst_signal_long_div_f_oi_hurst_20_ts_z,-0.10501870190298239,False
f_化工_hurst_signal_long_logx_f_oi_hurst_20_ts_z,0.1436320650773325,False
f_化工_hurst_signal_short_x_hurst_signal_short,-0.0028009926638794817,False
f_化工_hurst_signal_short_sq,-0.0028009926638794817,False
f_化工_hurst_signal_short_cube,-0.0028009926638795043,False
f_化工_hurst_signal_short_div_hurst_signal_short,0.005287229438436498,False
f_化工_hurst_signal_short_logx_hurst_signal_short,0.0028009926638795,False
f_化工_hurst_signal_short_x_hurst_strength,0.11558849328271405,False
f_化工_hurst_signal_short_div_hurst_strength,-0.08615999157215562,False
f_化工_hurst_signal_short_logx_hurst_strength,-0.13098219261147667,False
f_化工_hurst_signal_short_x_hurst_value,-0.08912785868775637,False
f_化工_hurst_signal_short_div_hurst_value,0.10173741879029052,False
f_化工_hurst_signal_short_logx_hurst_value,0.10978039492120258,False
f_化工_hurst_signal_short_x_kc_width,-0.04084174243449926,False
f_化工_hurst_signal_short_div_kc_width,0.049357294390367186,False
f_化工_hurst_signal_short_logx_kc_width,0.048148884740502135,False
f_化工_hurst_signal_short_x_ma5,-0.004484679630393958,False
f_化工_hurst_signal_short_div_ma5,0.013920996956575622,False
f_化工_hurst_signal_short_logx_ma5,0.026154566243276774,False
f_化工_hurst_signal_short_x_mfi_index,-0.009238786403194163,False
f_化工_hurst_signal_short_div_mfi_index,0.05508570258989421,False
f_化工_hurst_signal_short_logx_mfi_index,0.025468995003381078,False
f_化工_hurst_signal_short_x_momentum_5,-0.008623368430047832,False
f_化工_hurst_signal_short_div_momentum_5,0.013744703161802768,False
f_化工_hurst_signal_short_logx_momentum_5,-4.6975886741848295e-05,False
f_化工_hurst_signal_short_x_oi_chg,-0.035330990483312945,False
f_化工_hurst_signal_short_div_oi_chg,0.020862065128687064,False
f_化工_hurst_signal_short_logx_oi_chg,0.038345414044816756,False
f_化工_hurst_signal_short_x_pv_oi_diff,-0.021678272668516924,False
f_化工_hurst_signal_short_div_pv_oi_diff,0.014859607546741253,False
f_化工_hurst_signal_short_logx_pv_oi_diff,0.006140221959201183,False
f_化工_hurst_signal_short_x_pv_oi_efficiency,0.01955244089455091,False
f_化工_hurst_signal_short_div_pv_oi_efficiency,-0.013756908621514163,False
f_化工_hurst_signal_short_logx_pv_oi_efficiency,-0.025253474482212646,False
f_化工_hurst_signal_short_x_pv_oi_momentum,-0.016791645541088585,False
f_化工_hurst_signal_short_div_pv_oi_momentum,0.033949515902070626,False
f_化工_hurst_signal_short_logx_pv_oi_momentum,-0.00035411684576644,False
f_有色_f_relative_rsi_diff_x_f_relative_rsi_diff,0.010956973154990484,False
f_有色_f_relative_rsi_diff_sq,0.010956973154990484,False
f_有色_f_relative_rsi_diff_cube,-0.06011235352591369,False
f_有色_f_relative_rsi_diff_div_f_relative_rsi_diff,-0.08510951650262732,False
f_有色_f_relative_rsi_diff_logx_f_relative_rsi_diff,0.03253371989606843,False
f_有色_f_relative_rsi_diff_x_hurst_signal_long,-0.09288944950538403,False
f_有色_f_relative_rsi_diff_div_hurst_signal_long,-0.0831324123560668,False
f_有色_f_relative_rsi_diff_logx_hurst_signal_long,0.05970415902910853,False
f_有色_f_relative_rsi_diff_x_hurst_signal_short,-0.09241487605357121,False
f_有色_f_relative_rsi_diff_div_hurst_signal_short,-0.08391787720874196,False
f_有色_f_relative_rsi_diff_logx_hurst_signal_short,0.0571857955943148,False
f_有色_f_relative_rsi_diff_x_hurst_strength,-0.09798032496222193,False
f_有色_f_relative_rsi_diff_div_hurst_strength,-0.08563898027645817,False
f_有色_f_relative_rsi_diff_logx_hurst_strength,-0.007670488936500194,False
f_有色_f_relative_rsi_diff_x_hurst_value,-0.054184937722990066,False
f_有色_f_relative_rsi_diff_div_hurst_value,-0.1071640155902458,False
f_有色_f_relative_rsi_diff_logx_hurst_value,-0.013345932664561033,False
f_有色_f_relative_rsi_diff_x_kc_width,-0.08896960458753135,False
f_有色_f_relative_rsi_diff_div_kc_width,-0.07585477418820932,False
f_有色_f_relative_rsi_diff_logx_kc_width,0.05395390662839389,False
f_有色_f_relative_rsi_diff_x_ma5,-0.08575057976063502,False
f_有色_f_relative_rsi_diff_div_ma5,-0.08308336539013725,False
f_有色_f_relative_rsi_diff_logx_ma5,0.05624676011464012,False
f_有色_f_relative_rsi_diff_x_mfi_index,-0.09864961345843735,False
f_有色_f_relative_rsi_diff_div_mfi_index,-0.07052202709148997,False
f_有色_f_relative_rsi_diff_logx_mfi_index,0.04672766047126139,False
f_有色_f_relative_rsi_diff_x_momentum_5,-0.11819624050204285,False
f_有色_f_relative_rsi_diff_div_momentum_5,-0.07472225185950751,False
f_有色_f_relative_rsi_diff_logx_momentum_5,0.06819726202409636,False
f_有色_f_relative_rsi_diff_x_oi_chg,0.03805046886106416,False
f_有色_f_relative_rsi_diff_div_oi_chg,-0.040255831202374054,False
f_有色_f_relative_rsi_diff_logx_oi_chg,0.04610399021637385,False
f_有色_f_relative_rsi_diff_x_pv_oi_diff,-0.07287073190758063,False
f_有色_f_relative_rsi_diff_div_pv_oi_diff,-0.09453752086502634,False
f_有色_f_relative_rsi_diff_logx_pv_oi_diff,0.06739133032007653,False
f_有色_f_relative_rsi_diff_x_pv_oi_efficiency,-0.07299397324051335,False
f_有色_f_relative_rsi_diff_div_pv_oi_efficiency,-0.08578552343630075,False
f_有色_f_relative_rsi_diff_logx_pv_oi_efficiency,0.013239445049227742,False
f_有色_f_relative_rsi_diff_x_pv_oi_momentum,-0.07124247854596275,False
f_有色_f_relative_rsi_diff_div_pv_oi_momentum,-0.09094631320681767,False
f_有色_f_relative_rsi_diff_logx_pv_oi_momentum,0.09602080887175826,False
f_有色_f_relative_rsi_diff_x_pv_oi_vol_ratio,-0.04032867755283338,False
f_有色_f_relative_rsi_diff_div_pv_oi_vol_ratio,-0.12246534467552334,False
f_有色_f_relative_rsi_diff_logx_pv_oi_vol_ratio,0.02917523954520318,False
f_有色_f_relative_rsi_diff_x_pv_skew_ma5,-0.08966891566704964,False
f_有色_f_relative_rsi_diff_div_pv_skew_ma5,-0.07685390756244002,False
f_有色_f_relative_rsi_diff_logx_pv_skew_ma5,0.03212199605629383,False
f_有色_f_relative_rsi_diff_x_pv_wad,-0.12245836101998293,False
f_有色_f_relative_rsi_diff_div_pv_wad,-0.03678665923979583,False
f_有色_f_relative_rsi_diff_logx_pv_wad,0.051554553331934504,False
f_有色_f_relative_rsi_diff_x_v_skew_ma5,-0.08994889039912797,False
f_有色_f_relative_rsi_diff_div_v_skew_ma5,-0.07808294025627746,False
f_有色_f_relative_rsi_diff_logx_v_skew_ma5,0.03204215069276978,False
f_有色_f_relative_rsi_diff_x_vol_chg_dispersion,-0.11376534858610717,False
f_有色_f_relative_rsi_diff_div_vol_chg_dispersion,-0.09894661746955331,False
f_有色_f_relative_rsi_diff_logx_vol_chg_dispersion,0.03554975303029176,False
f_有色_f_relative_rsi_diff_x_vol_wsr,-0.1491639802537215,False
f_有色_f_relative_rsi_diff_div_vol_wsr,-0.03560323521105523,False
f_有色_f_relative_rsi_diff_logx_vol_wsr,0.019136434958609574,False
f_有色_f_relative_rsi_diff_x_volatility_10_dispersion,-0.09894661758704265,False
f_有色_f_relative_rsi_diff_div_volatility_10_dispersion,-0.11288913225315761,False
f_有色_f_relative_rsi_diff_logx_volatility_10_dispersion,0.05504174933387132,False
f_有色_f_relative_rsi_diff_x_wad,-0.08278486148553257,False
f_有色_f_relative_rsi_diff_div_wad,-0.04279776262675203,False
f_有色_f_relative_rsi_diff_logx_wad,0.027937996893351472,False
f_有色_f_relative_rsi_diff_x_wad_valid,-0.09451279326722925,False
f_有色_f_relative_rsi_diff_div_wad_valid,-0.08168919496816783,False
f_有色_f_relative_rsi_diff_logx_wad_valid,0.055041749799930005,False
f_有色_f_relative_rsi_diff_x_f_oi_hurst_20,0.07055371311334663,False
f_有色_f_relative_rsi_diff_div_f_oi_hurst_20,-0.08672268828660014,False
f_有色_f_relative_rsi_diff_logx_f_oi_hurst_20,0.014502581354328144,False
f_有色_f_relative_rsi_diff_x_f_oi_hurst_20_ts_z,0.026148283991545763,False
f_有色_f_relative_rsi_diff_div_f_oi_hurst_20_ts_z,-0.11088792974724887,False
f_有色_f_relative_rsi_diff_logx_f_oi_hurst_20_ts_z,0.019692223036181226,False
f_有色_hurst_signal_long_x_hurst_signal_long,0.12062068094794942,False
f_有色_hurst_signal_long_sq,0.12062068094794942,False
f_有色_hurst_signal_long_cube,0.12062068094794945,False
f_有色_hurst_signal_long_div_hurst_signal_long,-0.13170960976551874,False
f_有色_hurst_signal_long_logx_hurst_signal_long,-0.12062068094794945,False
f_有色_hurst_signal_long_x_hurst_signal_short,0.13439444726560962,False
f_有色_hurst_signal_long_div_hurst_signal_short,0.03074555892518881,False
f_有色_hurst_signal_long_logx_hurst_signal_short,0.031016180462293815,False
f_有色_hurst_signal_long_x_hurst_strength,0.08449500099061347,False
f_有色_hurst_signal_long_div_hurst_strength,-0.07065906341467074,False
f_有色_hurst_signal_long_logx_hurst_strength,-0.03437497122322344,False
f_有色_hurst_signal_long_x_hurst_value,-0.01402631599020011,False
f_有色_hurst_signal_long_div_hurst_value,0.0017266318518720728,False
f_有色_hurst_signal_long_logx_hurst_value,0.07121083951464292,False
f_有色_hurst_signal_long_x_kc_width,-0.02541442819559242,False
f_有色_hurst_signal_long_div_kc_width,0.10526116721780683,False
f_有色_hurst_signal_long_logx_kc_width,0.05763093370519507,False
f_有色_hurst_signal_long_x_ma5,0.12698890834329676,False
f_有色_hurst_signal_long_div_ma5,-0.05799572934816004,False
f_有色_hurst_signal_long_logx_ma5,-0.055991880098770944,False
f_有色_hurst_signal_long_x_mfi_index,0.03161371109364323,False
f_有色_hurst_signal_long_div_mfi_index,-0.04342596425656566,False
f_有色_hurst_signal_long_logx_mfi_index,0.015784082944155224,False
f_有色_hurst_signal_long_x_momentum_5,-0.021989259786539504,False
f_有色_hurst_signal_long_div_momentum_5,0.03589583715000167,False
f_有色_hurst_signal_long_logx_momentum_5,0.06163447057165885,False
f_有色_hurst_signal_long_x_oi_chg,0.015298997176881492,False
f_有色_hurst_signal_long_div_oi_chg,0.03745647792038795,False
f_有色_hurst_signal_long_logx_oi_chg,-0.014837760923189013,False
f_有色_hurst_signal_long_x_pv_oi_diff,0.050996938163177956,False
f_有色_hurst_signal_long_div_pv_oi_diff,-0.015332875728658102,False
f_有色_hurst_signal_long_logx_pv_oi_diff,-0.0020735493095663535,False
f_有色_hurst_signal_long_x_pv_oi_efficiency,0.07575419901366563,False
f_有色_hurst_signal_long_div_pv_oi_efficiency,-0.04379289154270355,False
f_有色_hurst_signal_long_logx_pv_oi_efficiency,-0.044867053450643304,False
f_有色_hurst_signal_long_x_pv_oi_momentum,0.037170250983740646,False
f_有色_hurst_signal_long_div_pv_oi_momentum,-0.011004685068075264,False
f_有色_hurst_signal_long_logx_pv_oi_momentum,0.01887611446579835,False
f_有色_hurst_signal_long_x_pv_oi_vol_ratio,-0.0032667315278786815,False
f_有色_hurst_signal_long_div_pv_oi_vol_ratio,0.024256482741149776,False
f_有色_hurst_signal_long_logx_pv_oi_vol_ratio,0.049266636960428725,False
f_有色_hurst_signal_long_x_pv_skew_ma5,0.0143034809282591,False
f_有色_hurst_signal_long_div_pv_skew_ma5,0.01538592481399565,False
f_有色_hurst_signal_long_logx_pv_skew_ma5,0.03197086723007186,False
f_有色_hurst_signal_long_x_pv_wad,0.04324897495467088,False
f_有色_hurst_signal_long_div_pv_wad,0.0015027806684398178,False
f_有色_hurst_signal_long_logx_pv_wad,-0.024571156901572886,False
f_有色_hurst_signal_long_x_v_skew_ma5,0.009364501659147892,False
f_有色_hurst_signal_long_div_v_skew_ma5,0.021288518408698207,False
f_有色_hurst_signal_long_logx_v_skew_ma5,0.03529520372061541,False
f_有色_hurst_signal_long_x_vol_chg_dispersion,,False
f_有色_hurst_signal_long_div_vol_chg_dispersion,0.12062068094794948,False
f_有色_hurst_signal_long_logx_vol_chg_dispersion,,False
f_有色_hurst_signal_long_x_vol_wsr,-0.062387217295082134,False
f_有色_hurst_signal_long_div_vol_wsr,0.07779003051406483,False
f_有色_hurst_signal_long_logx_vol_wsr,0.05122113083153092,False
f_有色_hurst_signal_long_x_volatility_10_dispersion,0.12062068094794948,False
f_有色_hurst_signal_long_div_volatility_10_dispersion,,False
f_有色_hurst_signal_long_logx_volatility_10_dispersion,0.12062068094794948,False
f_有色_hurst_signal_long_x_wad,0.0820333480321404,False
f_有色_hurst_signal_long_div_wad,-0.057924636897972906,False
f_有色_hurst_signal_long_logx_wad,-0.067475241090392,False
f_有色_hurst_signal_long_x_wad_valid,0.12062068094794945,False
f_有色_hurst_signal_long_div_wad_valid,0.12062068094794946,False
f_有色_hurst_signal_long_logx_wad_valid,0.12062068094794948,False
f_有色_hurst_signal_long_x_f_oi_hurst_20,-0.007421351247307552,False
f_有色_hurst_signal_long_div_f_oi_hurst_20,0.02295059919046698,False
f_有色_hurst_signal_long_logx_f_oi_hurst_20,0.03680910434079533,False
f_有色_hurst_signal_long_x_f_oi_hurst_20_ts_z,-0.0040397317207244545,False
f_有色_hurst_signal_long_div_f_oi_hurst_20_ts_z,0.009837697578631963,False
f_有色_hurst_signal_long_logx_f_oi_hurst_20_ts_z,0.041056866665953214,False
f_有色_hurst_signal_short_x_hurst_signal_short,0.11182725609314811,False
f_有色_hurst_signal_short_sq,0.11182725609314811,False
f_有色_hurst_signal_short_cube,0.11182725609314814,False
f_有色_hurst_signal_short_div_hurst_signal_short,-0.09980338241632582,False
f_有色_hurst_signal_short_logx_hurst_signal_short,-0.11182725609314811,False
f_有色_hurst_signal_short_x_hurst_strength,0.07607691906618014,False
f_有色_hurst_signal_short_div_hurst_strength,-0.08571527417537934,False
f_有色_hurst_signal_short_logx_hurst_strength,-0.05815091409077052,False
f_有色_hurst_signal_short_x_hurst_value,-0.015171000183130286,False
f_有色_hurst_signal_short_div_hurst_value,-0.012020775192926788,False
f_有色_hurst_signal_short_logx_hurst_value,0.045835927546826014,False
f_有色_hurst_signal_short_x_kc_width,-0.03765475763981026,False
f_有色_hurst_signal_short_div_kc_width,0.10227762658303109,False
f_有色_hurst_signal_short_logx_kc_width,0.061553213290409706,False
f_有色_hurst_signal_short_x_ma5,0.09298277804983952,False
f_有色_hurst_signal_short_div_ma5,-0.04893488610868783,False
f_有色_hurst_signal_short_logx_ma5,-0.04750416835591252,False
f_有色_hurst_signal_short_x_mfi_index,0.02112809975972033,False
f_有色_hurst_signal_short_div_mfi_index,-0.04958187995096883,False
f_有色_hurst_signal_short_logx_mfi_index,0.009576429757577831,False
f_有色_hurst_signal_short_x_momentum_5,-0.02864217000155408,False
f_有色_hurst_signal_short_div_momentum_5,0.030496418432108284,False
f_有色_hurst_signal_short_logx_momentum_5,0.053074830146297824,False
f_有色_hurst_signal_short_x_oi_chg,0.015168739527848404,False
f_有色_hurst_signal_short_div_oi_chg,0.03258601361226103,False
f_有色_hurst_signal_short_logx_oi_chg,-0.013798864252965512,False
f_有色_hurst_signal_short_x_pv_oi_diff,0.03945053255371075,False
f_有色_hurst_signal_short_div_pv_oi_diff,-0.014045630536943928,False
f_有色_hurst_signal_short_logx_pv_oi_diff,-0.0036510424481688095,False
f_有色_hurst_signal_short_x_pv_oi_efficiency,0.0762701773436035,False
f_有色_hurst_signal_short_div_pv_oi_efficiency,-0.046789338326588534,False
f_有色_hurst_signal_short_logx_pv_oi_efficiency,-0.04912124582538656,False
f_有色_hurst_signal_short_x_pv_oi_momentum,0.02624977008359954,False
f_有色_hurst_signal_short_div_pv_oi_momentum,-0.010257155260942565,False
f_有色_hurst_signal_short_logx_pv_oi_momentum,0.016044729398702235,False
f_油脂_f_relative_rsi_diff_x_f_relative_rsi_diff,,False
f_油脂_f_relative_rsi_diff_sq,,False
f_油脂_f_relative_rsi_diff_cube,,False
f_油脂_f_relative_rsi_diff_div_f_relative_rsi_diff,,False
f_油脂_f_relative_rsi_diff_logx_f_relative_rsi_diff,,False
f_油脂_f_relative_rsi_diff_x_hurst_signal_long,,False
f_油脂_f_relative_rsi_diff_div_hurst_signal_long,,False
f_油脂_f_relative_rsi_diff_logx_hurst_signal_long,,False
f_油脂_f_relative_rsi_diff_x_hurst_signal_short,,False
f_油脂_f_relative_rsi_diff_div_hurst_signal_short,,False
f_油脂_f_relative_rsi_diff_logx_hurst_signal_short,,False
f_油脂_f_relative_rsi_diff_x_hurst_strength,,False
f_油脂_f_relative_rsi_diff_div_hurst_strength,,False
f_油脂_f_relative_rsi_diff_logx_hurst_strength,,False
f_油脂_f_relative_rsi_diff_x_hurst_value,,False
f_油脂_f_relative_rsi_diff_div_hurst_value,,False
f_油脂_f_relative_rsi_diff_logx_hurst_value,,False
f_油脂_f_relative_rsi_diff_x_kc_width,,False
f_油脂_f_relative_rsi_diff_div_kc_width,,False
f_油脂_f_relative_rsi_diff_logx_kc_width,,False
f_油脂_f_relative_rsi_diff_x_ma5,,False
f_油脂_f_relative_rsi_diff_div_ma5,,False
f_油脂_f_relative_rsi_diff_logx_ma5,,False
f_油脂_f_relative_rsi_diff_x_mfi_index,,False
f_油脂_f_relative_rsi_diff_div_mfi_index,,False
f_油脂_f_relative_rsi_diff_logx_mfi_index,,False
f_油脂_f_relative_rsi_diff_x_momentum_5,,False
f_油脂_f_relative_rsi_diff_div_momentum_5,,False
f_油脂_f_relative_rsi_diff_logx_momentum_5,,False
f_油脂_f_relative_rsi_diff_x_oi_chg,,False
f_油脂_f_relative_rsi_diff_div_oi_chg,,False
f_油脂_f_relative_rsi_diff_logx_oi_chg,,False
f_油脂_f_relative_rsi_diff_x_pv_oi_diff,,False
f_油脂_f_relative_rsi_diff_div_pv_oi_diff,,False
f_油脂_f_relative_rsi_diff_logx_pv_oi_diff,,False
f_油脂_f_relative_rsi_diff_x_pv_oi_efficiency,,False
f_油脂_f_relative_rsi_diff_div_pv_oi_efficiency,,False
f_油脂_f_relative_rsi_diff_logx_pv_oi_efficiency,,False
f_油脂_f_relative_rsi_diff_x_pv_oi_momentum,,False
f_油脂_f_relative_rsi_diff_div_pv_oi_momentum,,False
f_油脂_f_relative_rsi_diff_logx_pv_oi_momentum,,False
f_油脂_f_relative_rsi_diff_x_pv_oi_vol_ratio,,False
f_油脂_f_relative_rsi_diff_div_pv_oi_vol_ratio,,False
f_油脂_f_relative_rsi_diff_logx_pv_oi_vol_ratio,,False
f_油脂_f_relative_rsi_diff_x_pv_skew_ma5,,False
f_油脂_f_relative_rsi_diff_div_pv_skew_ma5,,False
f_油脂_f_relative_rsi_diff_logx_pv_skew_ma5,,False
f_油脂_f_relative_rsi_diff_x_pv_wad,,False
f_油脂_f_relative_rsi_diff_div_pv_wad,,False
f_油脂_f_relative_rsi_diff_logx_pv_wad,,False
f_油脂_f_relative_rsi_diff_x_v_skew_ma5,,False
f_油脂_f_relative_rsi_diff_div_v_skew_ma5,,False
f_油脂_f_relative_rsi_diff_logx_v_skew_ma5,,False
f_油脂_f_relative_rsi_diff_x_vol_chg_dispersion,,False
f_油脂_f_relative_rsi_diff_div_vol_chg_dispersion,,False
f_油脂_f_relative_rsi_diff_logx_vol_chg_dispersion,,False
f_油脂_f_relative_rsi_diff_x_vol_wsr,,False
f_油脂_f_relative_rsi_diff_div_vol_wsr,,False
f_油脂_f_relative_rsi_diff_logx_vol_wsr,,False
f_油脂_f_relative_rsi_diff_x_volatility_10_dispersion,,False
f_油脂_f_relative_rsi_diff_div_volatility_10_dispersion,,False
f_油脂_f_relative_rsi_diff_logx_volatility_10_dispersion,,False
f_油脂_f_relative_rsi_diff_x_wad,,False
f_油脂_f_relative_rsi_diff_div_wad,,False
f_油脂_f_relative_rsi_diff_logx_wad,,False
f_油脂_f_relative_rsi_diff_x_wad_valid,,False
f_油脂_f_relative_rsi_diff_div_wad_valid,,False
f_油脂_f_relative_rsi_diff_logx_wad_valid,,False
f_油脂_f_relative_rsi_diff_x_f_oi_hurst_20,,False
f_油脂_f_relative_rsi_diff_div_f_oi_hurst_20,,False
f_油脂_f_relative_rsi_diff_logx_f_oi_hurst_20,,False
f_油脂_f_relative_rsi_diff_x_f_oi_hurst_20_ts_z,,False
f_油脂_f_relative_rsi_diff_div_f_oi_hurst_20_ts_z,,False
f_油脂_f_relative_rsi_diff_logx_f_oi_hurst_20_ts_z,,False
f_油脂_hurst_signal_long_x_hurst_signal_long,,False
f_油脂_hurst_signal_long_sq,,False
f_油脂_hurst_signal_long_cube,,False
f_油脂_hurst_signal_long_div_hurst_signal_long,,False
f_油脂_hurst_signal_long_logx_hurst_signal_long,,False
f_油脂_hurst_signal_long_x_hurst_signal_short,,False
f_油脂_hurst_signal_long_div_hurst_signal_short,,False
f_油脂_hurst_signal_long_logx_hurst_signal_short,,False
f_油脂_hurst_signal_long_x_hurst_strength,,False
f_油脂_hurst_signal_long_div_hurst_strength,,False
f_油脂_hurst_signal_long_logx_hurst_strength,,False
f_油脂_hurst_signal_long_x_hurst_value,,False
f_油脂_hurst_signal_long_div_hurst_value,,False
f_油脂_hurst_signal_long_logx_hurst_value,,False
f_油脂_hurst_signal_long_x_kc_width,,False
f_油脂_hurst_signal_long_div_kc_width,,False
f_油脂_hurst_signal_long_logx_kc_width,,False
f_油脂_hurst_signal_long_x_ma5,,False
f_油脂_hurst_signal_long_div_ma5,,False
f_油脂_hurst_signal_long_logx_ma5,,False
f_油脂_hurst_signal_long_x_mfi_index,,False
f_油脂_hurst_signal_long_div_mfi_index,,False
f_油脂_hurst_signal_long_logx_mfi_index,,False
f_油脂_hurst_signal_long_x_momentum_5,,False
f_油脂_hurst_signal_long_div_momentum_5,,False
f_油脂_hurst_signal_long_logx_momentum_5,,False
f_油脂_hurst_signal_long_x_oi_chg,,False
f_油脂_hurst_signal_long_div_oi_chg,,False
f_油脂_hurst_signal_long_logx_oi_chg,,False
f_油脂_hurst_signal_long_x_pv_oi_diff,,False
f_油脂_hurst_signal_long_div_pv_oi_diff,,False
f_油脂_hurst_signal_long_logx_pv_oi_diff,,False
f_油脂_hurst_signal_long_x_pv_oi_efficiency,,False
f_油脂_hurst_signal_long_div_pv_oi_efficiency,,False
f_油脂_hurst_signal_long_logx_pv_oi_efficiency,,False
f_油脂_hurst_signal_long_x_pv_oi_momentum,,False
f_油脂_hurst_signal_long_div_pv_oi_momentum,,False
f_油脂_hurst_signal_long_logx_pv_oi_momentum,,False
f_油脂_hurst_signal_long_x_pv_oi_vol_ratio,,False
f_油脂_hurst_signal_long_div_pv_oi_vol_ratio,,False
f_油脂_hurst_signal_long_logx_pv_oi_vol_ratio,,False
f_油脂_hurst_signal_long_x_pv_skew_ma5,,False
f_油脂_hurst_signal_long_div_pv_skew_ma5,,False
f_油脂_hurst_signal_long_logx_pv_skew_ma5,,False
f_油脂_hurst_signal_long_x_pv_wad,,False
f_油脂_hurst_signal_long_div_pv_wad,,False
f_油脂_hurst_signal_long_logx_pv_wad,,False
f_油脂_hurst_signal_long_x_v_skew_ma5,,False
f_油脂_hurst_signal_long_div_v_skew_ma5,,False
f_油脂_hurst_signal_long_logx_v_skew_ma5,,False
f_油脂_hurst_signal_long_x_vol_chg_dispersion,,False
f_油脂_hurst_signal_long_div_vol_chg_dispersion,,False
f_油脂_hurst_signal_long_logx_vol_chg_dispersion,,False
f_油脂_hurst_signal_long_x_vol_wsr,,False
f_油脂_hurst_signal_long_div_vol_wsr,,False
f_油脂_hurst_signal_long_logx_vol_wsr,,False
f_油脂_hurst_signal_long_x_volatility_10_dispersion,,False
f_油脂_hurst_signal_long_div_volatility_10_dispersion,,False
f_油脂_hurst_signal_long_logx_volatility_10_dispersion,,False
f_油脂_hurst_signal_long_x_wad,,False
f_油脂_hurst_signal_long_div_wad,,False
f_油脂_hurst_signal_long_logx_wad,,False
f_油脂_hurst_signal_long_x_wad_valid,,False
f_油脂_hurst_signal_long_div_wad_valid,,False
f_油脂_hurst_signal_long_logx_wad_valid,,False
f_油脂_hurst_signal_long_x_f_oi_hurst_20,,False
f_油脂_hurst_signal_long_div_f_oi_hurst_20,,False
f_油脂_hurst_signal_long_logx_f_oi_hurst_20,,False
f_油脂_hurst_signal_long_x_f_oi_hurst_20_ts_z,,False
f_油脂_hurst_signal_long_div_f_oi_hurst_20_ts_z,,False
f_油脂_hurst_signal_long_logx_f_oi_hurst_20_ts_z,,False
f_油脂_hurst_signal_short_x_hurst_signal_short,,False
f_油脂_hurst_signal_short_sq,,False
f_油脂_hurst_signal_short_cube,,False
f_油脂_hurst_signal_short_div_hurst_signal_short,,False
f_油脂_hurst_signal_short_logx_hurst_signal_short,,False
f_油脂_hurst_signal_short_x_hurst_strength,,False
f_油脂_hurst_signal_short_div_hurst_strength,,False
f_油脂_hurst_signal_short_logx_hurst_strength,,False
f_油脂_hurst_signal_short_x_hurst_value,,False
f_油脂_hurst_signal_short_div_hurst_value,,False
f_油脂_hurst_signal_short_logx_hurst_value,,False
f_油脂_hurst_signal_short_x_kc_width,,False
f_油脂_hurst_signal_short_div_kc_width,,False
f_油脂_hurst_signal_short_logx_kc_width,,False
f_油脂_hurst_signal_short_x_ma5,,False
f_油脂_hurst_signal_short_div_ma5,,False
f_油脂_hurst_signal_short_logx_ma5,,False
f_油脂_hurst_signal_short_x_mfi_index,,False
f_油脂_hurst_signal_short_div_mfi_index,,False
f_油脂_hurst_signal_short_logx_mfi_index,,False
f_油脂_hurst_signal_short_x_momentum_5,,False
f_油脂_hurst_signal_short_div_momentum_5,,False
f_油脂_hurst_signal_short_logx_momentum_5,,False
f_油脂_hurst_signal_short_x_oi_chg,,False
f_油脂_hurst_signal_short_div_oi_chg,,False
f_油脂_hurst_signal_short_logx_oi_chg,,False
f_油脂_hurst_signal_short_x_pv_oi_diff,,False
f_油脂_hurst_signal_short_div_pv_oi_diff,,False
f_油脂_hurst_signal_short_logx_pv_oi_diff,,False
f_油脂_hurst_signal_short_x_pv_oi_efficiency,,False
f_油脂_hurst_signal_short_div_pv_oi_efficiency,,False
f_油脂_hurst_signal_short_logx_pv_oi_efficiency,,False
f_油脂_hurst_signal_short_x_pv_oi_momentum,,False
f_油脂_hurst_signal_short_div_pv_oi_momentum,,False
f_油脂_hurst_signal_short_logx_pv_oi_momentum,,False
f_能源_f_relative_rsi_diff_x_f_relative_rsi_diff,,False
f_能源_f_relative_rsi_diff_sq,,False
f_能源_f_relative_rsi_diff_cube,,False
f_能源_f_relative_rsi_diff_div_f_relative_rsi_diff,,False
f_能源_f_relative_rsi_diff_logx_f_relative_rsi_diff,,False
f_能源_f_relative_rsi_diff_x_hurst_signal_long,,False
f_能源_f_relative_rsi_diff_div_hurst_signal_long,,False
f_能源_f_relative_rsi_diff_logx_hurst_signal_long,,False
f_能源_f_relative_rsi_diff_x_hurst_signal_short,,False
f_能源_f_relative_rsi_diff_div_hurst_signal_short,,False
f_能源_f_relative_rsi_diff_logx_hurst_signal_short,,False
f_能源_f_relative_rsi_diff_x_hurst_strength,,False
f_能源_f_relative_rsi_diff_div_hurst_strength,,False
f_能源_f_relative_rsi_diff_logx_hurst_strength,,False
f_能源_f_relative_rsi_diff_x_hurst_value,,False
f_能源_f_relative_rsi_diff_div_hurst_value,,False
f_能源_f_relative_rsi_diff_logx_hurst_value,,False
f_能源_f_relative_rsi_diff_x_kc_width,,False
f_能源_f_relative_rsi_diff_div_kc_width,,False
f_能源_f_relative_rsi_diff_logx_kc_width,,False
f_能源_f_relative_rsi_diff_x_ma5,,False
f_能源_f_relative_rsi_diff_div_ma5,,False
f_能源_f_relative_rsi_diff_logx_ma5,,False
f_能源_f_relative_rsi_diff_x_mfi_index,,False
f_能源_f_relative_rsi_diff_div_mfi_index,,False
f_能源_f_relative_rsi_diff_logx_mfi_index,,False
f_能源_f_relative_rsi_diff_x_momentum_5,,False
f_能源_f_relative_rsi_diff_div_momentum_5,,False
f_能源_f_relative_rsi_diff_logx_momentum_5,,False
f_能源_f_relative_rsi_diff_x_oi_chg,,False
f_能源_f_relative_rsi_diff_div_oi_chg,,False
f_能源_f_relative_rsi_diff_logx_oi_chg,,False
f_能源_f_relative_rsi_diff_x_pv_oi_diff,,False
f_能源_f_relative_rsi_diff_div_pv_oi_diff,,False
f_能源_f_relative_rsi_diff_logx_pv_oi_diff,,False
f_能源_f_relative_rsi_diff_x_pv_oi_efficiency,,False
f_能源_f_relative_rsi_diff_div_pv_oi_efficiency,,False
f_能源_f_relative_rsi_diff_logx_pv_oi_efficiency,,False
f_能源_f_relative_rsi_diff_x_pv_oi_momentum,,False
f_能源_f_relative_rsi_diff_div_pv_oi_momentum,,False
f_能源_f_relative_rsi_diff_logx_pv_oi_momentum,,False
f_能源_f_relative_rsi_diff_x_pv_oi_vol_ratio,,False
f_能源_f_relative_rsi_diff_div_pv_oi_vol_ratio,,False
f_能源_f_relative_rsi_diff_logx_pv_oi_vol_ratio,,False
f_能源_f_relative_rsi_diff_x_pv_skew_ma5,,False
f_能源_f_relative_rsi_diff_div_pv_skew_ma5,,False
f_能源_f_relative_rsi_diff_logx_pv_skew_ma5,,False
f_能源_f_relative_rsi_diff_x_pv_wad,,False
f_能源_f_relative_rsi_diff_div_pv_wad,,False
f_能源_f_relative_rsi_diff_logx_pv_wad,,False
f_能源_f_relative_rsi_diff_x_v_skew_ma5,,False
f_能源_f_relative_rsi_diff_div_v_skew_ma5,,False
f_能源_f_relative_rsi_diff_logx_v_skew_ma5,,False
f_能源_f_relative_rsi_diff_x_vol_chg_dispersion,,False
f_能源_f_relative_rsi_diff_div_vol_chg_dispersion,,False
f_能源_f_relative_rsi_diff_logx_vol_chg_dispersion,,False
f_能源_f_relative_rsi_diff_x_vol_wsr,,False
f_能源_f_relative_rsi_diff_div_vol_wsr,,False
f_能源_f_relative_rsi_diff_logx_vol_wsr,,False
f_能源_f_relative_rsi_diff_x_volatility_10_dispersion,,False
f_能源_f_relative_rsi_diff_div_volatility_10_dispersion,,False
f_能源_f_relative_rsi_diff_logx_volatility_10_dispersion,,False
f_能源_f_relative_rsi_diff_x_wad,,False
f_能源_f_relative_rsi_diff_div_wad,,False
f_能源_f_relative_rsi_diff_logx_wad,,False
f_能源_f_relative_rsi_diff_x_wad_valid,,False
f_能源_f_relative_rsi_diff_div_wad_valid,,False
f_能源_f_relative_rsi_diff_logx_wad_valid,,False
f_能源_f_relative_rsi_diff_x_f_oi_hurst_20,,False
f_能源_f_relative_rsi_diff_div_f_oi_hurst_20,,False
f_能源_f_relative_rsi_diff_logx_f_oi_hurst_20,,False
f_能源_f_relative_rsi_diff_x_f_oi_hurst_20_ts_z,,False
f_能源_f_relative_rsi_diff_div_f_oi_hurst_20_ts_z,,False
f_能源_f_relative_rsi_diff_logx_f_oi_hurst_20_ts_z,,False
f_能源_hurst_signal_long_x_hurst_signal_long,,False
f_能源_hurst_signal_long_sq,,False
f_能源_hurst_signal_long_cube,,False
f_能源_hurst_signal_long_div_hurst_signal_long,,False
f_能源_hurst_signal_long_logx_hurst_signal_long,,False
f_能源_hurst_signal_long_x_hurst_signal_short,,False
f_能源_hurst_signal_long_div_hurst_signal_short,,False
f_能源_hurst_signal_long_logx_hurst_signal_short,,False
f_能源_hurst_signal_long_x_hurst_strength,,False
f_能源_hurst_signal_long_div_hurst_strength,,False
f_能源_hurst_signal_long_logx_hurst_strength,,False
f_能源_hurst_signal_long_x_hurst_value,,False
f_能源_hurst_signal_long_div_hurst_value,,False
f_能源_hurst_signal_long_logx_hurst_value,,False
f_能源_hurst_signal_long_x_kc_width,,False
f_能源_hurst_signal_long_div_kc_width,,False
f_能源_hurst_signal_long_logx_kc_width,,False
f_能源_hurst_signal_long_x_ma5,,False
f_能源_hurst_signal_long_div_ma5,,False
f_能源_hurst_signal_long_logx_ma5,,False
f_能源_hurst_signal_long_x_mfi_index,,False
f_能源_hurst_signal_long_div_mfi_index,,False
f_能源_hurst_signal_long_logx_mfi_index,,False
f_能源_hurst_signal_long_x_momentum_5,,False
f_能源_hurst_signal_long_div_momentum_5,,False
f_能源_hurst_signal_long_logx_momentum_5,,False
f_能源_hurst_signal_long_x_oi_chg,,False
f_能源_hurst_signal_long_div_oi_chg,,False
f_能源_hurst_signal_long_logx_oi_chg,,False
f_能源_hurst_signal_long_x_pv_oi_diff,,False
f_能源_hurst_signal_long_div_pv_oi_diff,,False
f_能源_hurst_signal_long_logx_pv_oi_diff,,False
f_能源_hurst_signal_long_x_pv_oi_efficiency,,False
f_能源_hurst_signal_long_div_pv_oi_efficiency,,False
f_能源_hurst_signal_long_logx_pv_oi_efficiency,,False
f_能源_hurst_signal_long_x_pv_oi_momentum,,False
f_能源_hurst_signal_long_div_pv_oi_momentum,,False
f_能源_hurst_signal_long_logx_pv_oi_momentum,,False
f_能源_hurst_signal_long_x_pv_oi_vol_ratio,,False
f_能源_hurst_signal_long_div_pv_oi_vol_ratio,,False
f_能源_hurst_signal_long_logx_pv_oi_vol_ratio,,False
f_能源_hurst_signal_long_x_pv_skew_ma5,,False
f_能源_hurst_signal_long_div_pv_skew_ma5,,False
f_能源_hurst_signal_long_logx_pv_skew_ma5,,False
f_能源_hurst_signal_long_x_pv_wad,,False
f_能源_hurst_signal_long_div_pv_wad,,False
f_能源_hurst_signal_long_logx_pv_wad,,False
f_能源_hurst_signal_long_x_v_skew_ma5,,False
f_能源_hurst_signal_long_div_v_skew_ma5,,False
f_能源_hurst_signal_long_logx_v_skew_ma5,,False
f_能源_hurst_signal_long_x_vol_chg_dispersion,,False
f_能源_hurst_signal_long_div_vol_chg_dispersion,,False
f_能源_hurst_signal_long_logx_vol_chg_dispersion,,False
f_能源_hurst_signal_long_x_vol_wsr,,False
f_能源_hurst_signal_long_div_vol_wsr,,False
f_能源_hurst_signal_long_logx_vol_wsr,,False
f_能源_hurst_signal_long_x_volatility_10_dispersion,,False
f_能源_hurst_signal_long_div_volatility_10_dispersion,,False
f_能源_hurst_signal_long_logx_volatility_10_dispersion,,False
f_能源_hurst_signal_long_x_wad,,False
f_能源_hurst_signal_long_div_wad,,False
f_能源_hurst_signal_long_logx_wad,,False
f_能源_hurst_signal_long_x_wad_valid,,False
f_能源_hurst_signal_long_div_wad_valid,,False
f_能源_hurst_signal_long_logx_wad_valid,,False
f_能源_hurst_signal_long_x_f_oi_hurst_20,,False
f_能源_hurst_signal_long_div_f_oi_hurst_20,,False
f_能源_hurst_signal_long_logx_f_oi_hurst_20,,False
f_能源_hurst_signal_long_x_f_oi_hurst_20_ts_z,,False
f_能源_hurst_signal_long_div_f_oi_hurst_20_ts_z,,False
f_能源_hurst_signal_long_logx_f_oi_hurst_20_ts_z,,False
f_能源_hurst_signal_short_x_hurst_signal_short,,False
f_能源_hurst_signal_short_sq,,False
f_能源_hurst_signal_short_cube,,False
f_能源_hurst_signal_short_div_hurst_signal_short,,False
f_能源_hurst_signal_short_logx_hurst_signal_short,,False
f_能源_hurst_signal_short_x_hurst_strength,,False
f_能源_hurst_signal_short_div_hurst_strength,,False
f_能源_hurst_signal_short_logx_hurst_strength,,False
f_能源_hurst_signal_short_x_hurst_value,,False
f_能源_hurst_signal_short_div_hurst_value,,False
f_能源_hurst_signal_short_logx_hurst_value,,False
f_能源_hurst_signal_short_x_kc_width,,False
f_能源_hurst_signal_short_div_kc_width,,False
f_能源_hurst_signal_short_logx_kc_width,,False
f_能源_hurst_signal_short_x_ma5,,False
f_能源_hurst_signal_short_div_ma5,,False
f_能源_hurst_signal_short_logx_ma5,,False
f_能源_hurst_signal_short_x_mfi_index,,False
f_能源_hurst_signal_short_div_mfi_index,,False
f_能源_hurst_signal_short_logx_mfi_index,,False
f_能源_hurst_signal_short_x_momentum_5,,False
f_能源_hurst_signal_short_div_momentum_5,,False
f_能源_hurst_signal_short_logx_momentum_5,,False
f_能源_hurst_signal_short_x_oi_chg,,False
f_能源_hurst_signal_short_div_oi_chg,,False
f_能源_hurst_signal_short_logx_oi_chg,,False
f_能源_hurst_signal_short_x_pv_oi_diff,,False
f_能源_hurst_signal_short_div_pv_oi_diff,,False
f_能源_hurst_signal_short_logx_pv_oi_diff,,False
f_能源_hurst_signal_short_x_pv_oi_efficiency,,False
f_能源_hurst_signal_short_div_pv_oi_efficiency,,False
f_能源_hurst_signal_short_logx_pv_oi_efficiency,,False
f_能源_hurst_signal_short_x_pv_oi_momentum,,False
f_能源_hurst_signal_short_div_pv_oi_momentum,,False
f_能源_hurst_signal_short_logx_pv_oi_momentum,,False
f_ts_航运_f_relative_rsi_diff_x_f_relative_rsi_diff,,True
f_ts_航运_f_relative_rsi_diff_sq,,True
f_ts_航运_f_relative_rsi_diff_cube,,True
f_ts_航运_f_relative_rsi_diff_div_f_relative_rsi_diff,,True
f_ts_航运_f_relative_rsi_diff_logx_f_relative_rsi_diff,,True
f_ts_航运_f_relative_rsi_diff_x_hurst_signal_long,,True
f_ts_航运_f_relative_rsi_diff_div_hurst_signal_long,,True
f_ts_航运_f_relative_rsi_diff_logx_hurst_signal_long,,True
f_ts_航运_f_relative_rsi_diff_x_hurst_signal_short,,True
f_ts_航运_f_relative_rsi_diff_div_hurst_signal_short,,True
f_ts_航运_f_relative_rsi_diff_logx_hurst_signal_short,,True
f_ts_航运_f_relative_rsi_diff_x_hurst_strength,,True
f_ts_航运_f_relative_rsi_diff_div_hurst_strength,,True
f_ts_航运_f_relative_rsi_diff_logx_hurst_strength,,True
f_ts_航运_f_relative_rsi_diff_x_hurst_value,,True
f_ts_航运_f_relative_rsi_diff_div_hurst_value,,True
f_ts_航运_f_relative_rsi_diff_logx_hurst_value,,True
f_ts_航运_f_relative_rsi_diff_x_kc_width,,True
f_ts_航运_f_relative_rsi_diff_div_kc_width,,True
f_ts_航运_f_relative_rsi_diff_logx_kc_width,,True
f_ts_航运_f_relative_rsi_diff_x_ma5,,True
f_ts_航运_f_relative_rsi_diff_div_ma5,,True
f_ts_航运_f_relative_rsi_diff_logx_ma5,,True
f_ts_航运_f_relative_rsi_diff_x_mfi_index,,True
f_ts_航运_f_relative_rsi_diff_div_mfi_index,,True
f_ts_航运_f_relative_rsi_diff_logx_mfi_index,,True
f_ts_航运_f_relative_rsi_diff_x_momentum_5,,True
f_ts_航运_f_relative_rsi_diff_div_momentum_5,,True
f_ts_航运_f_relative_rsi_diff_logx_momentum_5,,True
f_ts_航运_f_relative_rsi_diff_x_oi_chg,,True
f_ts_航运_f_relative_rsi_diff_div_oi_chg,,True
f_ts_航运_f_relative_rsi_diff_logx_oi_chg,,True
f_ts_航运_f_relative_rsi_diff_x_pv_oi_diff,,True
f_ts_航运_f_relative_rsi_diff_div_pv_oi_diff,,True
f_ts_航运_f_relative_rsi_diff_logx_pv_oi_diff,,True
f_ts_航运_f_relative_rsi_diff_x_pv_oi_efficiency,,True
f_ts_航运_f_relative_rsi_diff_div_pv_oi_efficiency,,True
f_ts_航运_f_relative_rsi_diff_logx_pv_oi_efficiency,,True
f_ts_航运_f_relative_rsi_diff_x_pv_oi_momentum,,True
f_ts_航运_f_relative_rsi_diff_div_pv_oi_momentum,,True
f_ts_航运_f_relative_rsi_diff_logx_pv_oi_momentum,,True
f_ts_航运_f_relative_rsi_diff_x_pv_oi_vol_ratio,,True
f_ts_航运_f_relative_rsi_diff_div_pv_oi_vol_ratio,,True
f_ts_航运_f_relative_rsi_diff_logx_pv_oi_vol_ratio,,True
f_ts_航运_f_relative_rsi_diff_x_pv_skew_ma5,,True
f_ts_航运_f_relative_rsi_diff_div_pv_skew_ma5,,True
f_ts_航运_f_relative_rsi_diff_logx_pv_skew_ma5,,True
f_ts_航运_f_relative_rsi_diff_x_pv_wad,,True
f_ts_航运_f_relative_rsi_diff_div_pv_wad,,True
f_ts_航运_f_relative_rsi_diff_logx_pv_wad,,True
f_ts_航运_f_relative_rsi_diff_x_v_skew_ma5,,True
f_ts_航运_f_relative_rsi_diff_div_v_skew_ma5,,True
f_ts_航运_f_relative_rsi_diff_logx_v_skew_ma5,,True
f_ts_航运_f_relative_rsi_diff_x_vol_chg_dispersion,,True
f_ts_航运_f_relative_rsi_diff_div_vol_chg_dispersion,,True
f_ts_航运_f_relative_rsi_diff_logx_vol_chg_dispersion,,True
f_ts_航运_f_relative_rsi_diff_x_vol_wsr,,True
f_ts_航运_f_relative_rsi_diff_div_vol_wsr,,True
f_ts_航运_f_relative_rsi_diff_logx_vol_wsr,,True
f_ts_航运_f_relative_rsi_diff_x_volatility_10_dispersion,,True
f_ts_航运_f_relative_rsi_diff_div_volatility_10_dispersion,,True
f_ts_航运_f_relative_rsi_diff_logx_volatility_10_dispersion,,True
f_ts_航运_f_relative_rsi_diff_x_wad,,True
f_ts_航运_f_relative_rsi_diff_div_wad,,True
f_ts_航运_f_relative_rsi_diff_logx_wad,,True
f_ts_航运_f_relative_rsi_diff_x_wad_valid,,True
f_ts_航运_f_relative_rsi_diff_div_wad_valid,,True
f_ts_航运_f_relative_rsi_diff_logx_wad_valid,,True
f_ts_航运_f_relative_rsi_diff_x_f_oi_hurst_20,,True
f_ts_航运_f_relative_rsi_diff_div_f_oi_hurst_20,,True
f_ts_航运_f_relative_rsi_diff_logx_f_oi_hurst_20,,True
f_ts_航运_f_relative_rsi_diff_x_f_oi_hurst_20_ts_z,,True
f_ts_航运_f_relative_rsi_diff_div_f_oi_hurst_20_ts_z,,True
f_ts_航运_f_relative_rsi_diff_logx_f_oi_hurst_20_ts_z,,True
f_ts_航运_hurst_signal_long_x_hurst_signal_long,,True
f_ts_航运_hurst_signal_long_sq,,True
f_ts_航运_hurst_signal_long_cube,,True
f_ts_航运_hurst_signal_long_div_hurst_signal_long,,True
f_ts_航运_hurst_signal_long_logx_hurst_signal_long,,True
f_ts_航运_hurst_signal_long_x_hurst_signal_short,,True
f_ts_航运_hurst_signal_long_div_hurst_signal_short,,True
f_ts_航运_hurst_signal_long_logx_hurst_signal_short,,True
f_ts_航运_hurst_signal_long_x_hurst_strength,,True
f_ts_航运_hurst_signal_long_div_hurst_strength,,True
f_ts_航运_hurst_signal_long_logx_hurst_strength,,True
f_ts_航运_hurst_signal_long_x_hurst_value,,True
f_ts_航运_hurst_signal_long_div_hurst_value,,True
f_ts_航运_hurst_signal_long_logx_hurst_value,,True
f_ts_航运_hurst_signal_long_x_kc_width,,True
f_ts_航运_hurst_signal_long_div_kc_width,,True
f_ts_航运_hurst_signal_long_logx_kc_width,,True
f_ts_航运_hurst_signal_long_x_ma5,,True
f_ts_航运_hurst_signal_long_div_ma5,,True
f_ts_航运_hurst_signal_long_logx_ma5,,True
f_ts_航运_hurst_signal_long_x_mfi_index,,True
f_ts_航运_hurst_signal_long_div_mfi_index,,True
f_ts_航运_hurst_signal_long_logx_mfi_index,,True
f_ts_航运_hurst_signal_long_x_momentum_5,,True
f_ts_航运_hurst_signal_long_div_momentum_5,,True
f_ts_航运_hurst_signal_long_logx_momentum_5,,True
f_ts_航运_hurst_signal_long_x_oi_chg,,True
f_ts_航运_hurst_signal_long_div_oi_chg,,True
f_ts_航运_hurst_signal_long_logx_oi_chg,,True
f_ts_航运_hurst_signal_long_x_pv_oi_diff,,True
f_ts_航运_hurst_signal_long_div_pv_oi_diff,,True
f_ts_航运_hurst_signal_long_logx_pv_oi_diff,,True
f_ts_航运_hurst_signal_long_x_pv_oi_efficiency,,True
f_ts_航运_hurst_signal_long_div_pv_oi_efficiency,,True
f_ts_航运_hurst_signal_long_logx_pv_oi_efficiency,,True
f_ts_航运_hurst_signal_long_x_pv_oi_momentum,,True
f_ts_航运_hurst_signal_long_div_pv_oi_momentum,,True
f_ts_航运_hurst_signal_long_logx_pv_oi_momentum,,True
f_ts_航运_hurst_signal_long_x_pv_oi_vol_ratio,,True
f_ts_航运_hurst_signal_long_div_pv_oi_vol_ratio,,True
f_ts_航运_hurst_signal_long_logx_pv_oi_vol_ratio,,True
f_ts_航运_hurst_signal_long_x_pv_skew_ma5,,True
f_ts_航运_hurst_signal_long_div_pv_skew_ma5,,True
f_ts_航运_hurst_signal_long_logx_pv_skew_ma5,,True
f_ts_航运_hurst_signal_long_x_pv_wad,,True
f_ts_航运_hurst_signal_long_div_pv_wad,,True
f_ts_航运_hurst_signal_long_logx_pv_wad,,True
f_ts_贵金_f_relative_rsi_diff_x_f_relative_rsi_diff,,True
f_ts_贵金_f_relative_rsi_diff_sq,,True
f_ts_贵金_f_relative_rsi_diff_cube,,True
f_ts_贵金_f_relative_rsi_diff_div_f_relative_rsi_diff,,True
f_ts_贵金_f_relative_rsi_diff_logx_f_relative_rsi_diff,,True
f_ts_贵金_f_relative_rsi_diff_x_hurst_signal_long,,True
f_ts_贵金_f_relative_rsi_diff_div_hurst_signal_long,,True
f_ts_贵金_f_relative_rsi_diff_logx_hurst_signal_long,,True
f_ts_贵金_f_relative_rsi_diff_x_hurst_signal_short,,True
f_ts_贵金_f_relative_rsi_diff_div_hurst_signal_short,,True
f_ts_贵金_f_relative_rsi_diff_logx_hurst_signal_short,,True
f_ts_贵金_f_relative_rsi_diff_x_hurst_strength,,True
f_ts_贵金_f_relative_rsi_diff_div_hurst_strength,,True
f_ts_贵金_f_relative_rsi_diff_logx_hurst_strength,,True
f_ts_贵金_f_relative_rsi_diff_x_hurst_value,,True
f_ts_贵金_f_relative_rsi_diff_div_hurst_value,,True
f_ts_贵金_f_relative_rsi_diff_logx_hurst_value,,True
f_ts_贵金_f_relative_rsi_diff_x_kc_width,,True
f_ts_贵金_f_relative_rsi_diff_div_kc_width,,True
f_ts_贵金_f_relative_rsi_diff_logx_kc_width,,True
f_ts_贵金_f_relative_rsi_diff_x_ma5,,True
f_ts_贵金_f_relative_rsi_diff_div_ma5,,True
f_ts_贵金_f_relative_rsi_diff_logx_ma5,,True
f_ts_贵金_f_relative_rsi_diff_x_mfi_index,,True
f_ts_贵金_f_relative_rsi_diff_div_mfi_index,,True
f_ts_贵金_f_relative_rsi_diff_logx_mfi_index,,True
f_ts_贵金_f_relative_rsi_diff_x_momentum_5,,True
f_ts_贵金_f_relative_rsi_diff_div_momentum_5,,True
f_ts_贵金_f_relative_rsi_diff_logx_momentum_5,,True
f_ts_贵金_f_relative_rsi_diff_x_oi_chg,,True
f_ts_贵金_f_relative_rsi_diff_div_oi_chg,,True
f_ts_贵金_f_relative_rsi_diff_logx_oi_chg,,True
f_ts_贵金_f_relative_rsi_diff_x_pv_oi_diff,,True
f_ts_贵金_f_relative_rsi_diff_div_pv_oi_diff,,True
f_ts_贵金_f_relative_rsi_diff_logx_pv_oi_diff,,True
f_ts_贵金_f_relative_rsi_diff_x_pv_oi_efficiency,,True
f_ts_贵金_f_relative_rsi_diff_div_pv_oi_efficiency,,True
f_ts_贵金_f_relative_rsi_diff_logx_pv_oi_efficiency,,True
f_ts_贵金_f_relative_rsi_diff_x_pv_oi_momentum,,True
f_ts_贵金_f_relative_rsi_diff_div_pv_oi_momentum,,True
f_ts_贵金_f_relative_rsi_diff_logx_pv_oi_momentum,,True
f_ts_贵金_f_relative_rsi_diff_x_pv_oi_vol_ratio,,True
f_ts_贵金_f_relative_rsi_diff_div_pv_oi_vol_ratio,,True
f_ts_贵金_f_relative_rsi_diff_logx_pv_oi_vol_ratio,,True
f_ts_贵金_f_relative_rsi_diff_x_pv_skew_ma5,,True
f_ts_贵金_f_relative_rsi_diff_div_pv_skew_ma5,,True
f_ts_贵金_f_relative_rsi_diff_logx_pv_skew_ma5,,True
f_ts_贵金_f_relative_rsi_diff_x_pv_wad,,True
f_ts_贵金_f_relative_rsi_diff_div_pv_wad,,True
f_ts_贵金_f_relative_rsi_diff_logx_pv_wad,,True
f_ts_贵金_f_relative_rsi_diff_x_v_skew_ma5,,True
f_ts_贵金_f_relative_rsi_diff_div_v_skew_ma5,,True
f_ts_贵金_f_relative_rsi_diff_logx_v_skew_ma5,,True
f_ts_贵金_f_relative_rsi_diff_x_vol_chg_dispersion,,True
f_ts_贵金_f_relative_rsi_diff_div_vol_chg_dispersion,,True
f_ts_贵金_f_relative_rsi_diff_logx_vol_chg_dispersion,,True
f_ts_贵金_f_relative_rsi_diff_x_vol_wsr,,True
f_ts_贵金_f_relative_rsi_diff_div_vol_wsr,,True
f_ts_贵金_f_relative_rsi_diff_logx_vol_wsr,,True
f_ts_贵金_f_relative_rsi_diff_x_volatility_10_dispersion,,True
f_ts_贵金_f_relative_rsi_diff_div_volatility_10_dispersion,,True
f_ts_贵金_f_relative_rsi_diff_logx_volatility_10_dispersion,,True
f_ts_贵金_f_relative_rsi_diff_x_wad,,True
f_ts_贵金_f_relative_rsi_diff_div_wad,,True
f_ts_贵金_f_relative_rsi_diff_logx_wad,,True
f_ts_贵金_f_relative_rsi_diff_x_wad_valid,,True
f_ts_贵金_f_relative_rsi_diff_div_wad_valid,,True
f_ts_贵金_f_relative_rsi_diff_logx_wad_valid,,True
f_ts_贵金_f_relative_rsi_diff_x_f_oi_hurst_20,,True
f_ts_贵金_f_relative_rsi_diff_div_f_oi_hurst_20,,True
f_ts_贵金_f_relative_rsi_diff_logx_f_oi_hurst_20,,True
f_ts_贵金_f_relative_rsi_diff_x_f_oi_hurst_20_ts_z,,True
f_ts_贵金_f_relative_rsi_diff_div_f_oi_hurst_20_ts_z,,True
f_ts_贵金_f_relative_rsi_diff_logx_f_oi_hurst_20_ts_z,,True
f_ts_贵金_hurst_signal_long_x_hurst_signal_long,,True
f_ts_贵金_hurst_signal_long_sq,,True
f_ts_贵金_hurst_signal_long_cube,,True
f_ts_贵金_hurst_signal_long_div_hurst_signal_long,,True
f_ts_贵金_hurst_signal_long_logx_hurst_signal_long,,True
f_ts_贵金_hurst_signal_long_x_hurst_signal_short,,True
f_ts_贵金_hurst_signal_long_div_hurst_signal_short,,True
f_ts_贵金_hurst_signal_long_logx_hurst_signal_short,,True
f_ts_贵金_hurst_signal_long_x_hurst_strength,,True
f_ts_贵金_hurst_signal_long_div_hurst_strength,,True
f_ts_贵金_hurst_signal_long_logx_hurst_strength,,True
f_ts_贵金_hurst_signal_long_x_hurst_value,,True
f_ts_贵金_hurst_signal_long_div_hurst_value,,True
f_ts_贵金_hurst_signal_long_logx_hurst_value,,True
f_ts_贵金_hurst_signal_long_x_kc_width,,True
f_ts_贵金_hurst_signal_long_div_kc_width,,True
f_ts_贵金_hurst_signal_long_logx_kc_width,,True
f_ts_贵金_hurst_signal_long_x_ma5,,True
f_ts_贵金_hurst_signal_long_div_ma5,,True
f_ts_贵金_hurst_signal_long_logx_ma5,,True
f_ts_贵金_hurst_signal_long_x_mfi_index,,True
f_ts_贵金_hurst_signal_long_div_mfi_index,,True
f_ts_贵金_hurst_signal_long_logx_mfi_index,,True
f_ts_贵金_hurst_signal_long_x_momentum_5,,True
f_ts_贵金_hurst_signal_long_div_momentum_5,,True
f_ts_贵金_hurst_signal_long_logx_momentum_5,,True
f_ts_贵金_hurst_signal_long_x_oi_chg,,True
f_ts_贵金_hurst_signal_long_div_oi_chg,,True
f_ts_贵金_hurst_signal_long_logx_oi_chg,,True
f_ts_贵金_hurst_signal_long_x_pv_oi_diff,,True
f_ts_贵金_hurst_signal_long_div_pv_oi_diff,,True
f_ts_贵金_hurst_signal_long_logx_pv_oi_diff,,True
f_ts_贵金_hurst_signal_long_x_pv_oi_efficiency,,True
f_ts_贵金_hurst_signal_long_div_pv_oi_efficiency,,True
f_ts_贵金_hurst_signal_long_logx_pv_oi_efficiency,,True
f_ts_贵金_hurst_signal_long_x_pv_oi_momentum,,True
f_ts_贵金_hurst_signal_long_div_pv_oi_momentum,,True
f_ts_贵金_hurst_signal_long_logx_pv_oi_momentum,,True
f_ts_贵金_hurst_signal_long_x_pv_oi_vol_ratio,,True
f_ts_贵金_hurst_signal_long_div_pv_oi_vol_ratio,,True
f_ts_贵金_hurst_signal_long_logx_pv_oi_vol_ratio,,True
f_ts_贵金_hurst_signal_long_x_pv_skew_ma5,,True
f_ts_贵金_hurst_signal_long_div_pv_skew_ma5,,True
f_ts_贵金_hurst_signal_long_logx_pv_skew_ma5,,True
f_ts_贵金_hurst_signal_long_x_pv_wad,,True
f_ts_贵金_hurst_signal_long_div_pv_wad,,True
f_ts_贵金_hurst_signal_long_logx_pv_wad,,True
f_软商_f_relative_rsi_diff_x_f_relative_rsi_diff,,False
f_软商_f_relative_rsi_diff_sq,,False
f_软商_f_relative_rsi_diff_cube,,False
f_软商_f_relative_rsi_diff_div_f_relative_rsi_diff,,False
f_软商_f_relative_rsi_diff_logx_f_relative_rsi_diff,,False
f_软商_f_relative_rsi_diff_x_hurst_signal_long,,False
f_软商_f_relative_rsi_diff_div_hurst_signal_long,,False
f_软商_f_relative_rsi_diff_logx_hurst_signal_long,,False
f_软商_f_relative_rsi_diff_x_hurst_signal_short,,False
f_软商_f_relative_rsi_diff_div_hurst_signal_short,,False
f_软商_f_relative_rsi_diff_logx_hurst_signal_short,,False
f_软商_f_relative_rsi_diff_x_hurst_strength,,False
f_软商_f_relative_rsi_diff_div_hurst_strength,,False
f_软商_f_relative_rsi_diff_logx_hurst_strength,,False
f_软商_f_relative_rsi_diff_x_hurst_value,,False
f_软商_f_relative_rsi_diff_div_hurst_value,,False
f_软商_f_relative_rsi_diff_logx_hurst_value,,False
f_软商_f_relative_rsi_diff_x_kc_width,,False
f_软商_f_relative_rsi_diff_div_kc_width,,False
f_软商_f_relative_rsi_diff_logx_kc_width,,False
f_软商_f_relative_rsi_diff_x_ma5,,False
f_软商_f_relative_rsi_diff_div_ma5,,False
f_软商_f_relative_rsi_diff_logx_ma5,,False
f_软商_f_relative_rsi_diff_x_mfi_index,,False
f_软商_f_relative_rsi_diff_div_mfi_index,,False
f_软商_f_relative_rsi_diff_logx_mfi_index,,False
f_软商_f_relative_rsi_diff_x_momentum_5,,False
f_软商_f_relative_rsi_diff_div_momentum_5,,False
f_软商_f_relative_rsi_diff_logx_momentum_5,,False
f_软商_f_relative_rsi_diff_x_oi_chg,,False
f_软商_f_relative_rsi_diff_div_oi_chg,,False
f_软商_f_relative_rsi_diff_logx_oi_chg,,False
f_软商_f_relative_rsi_diff_x_pv_oi_diff,,False
f_软商_f_relative_rsi_diff_div_pv_oi_diff,,False
f_软商_f_relative_rsi_diff_logx_pv_oi_diff,,False
f_软商_f_relative_rsi_diff_x_pv_oi_efficiency,,False
f_软商_f_relative_rsi_diff_div_pv_oi_efficiency,,False
f_软商_f_relative_rsi_diff_logx_pv_oi_efficiency,,False
f_软商_f_relative_rsi_diff_x_pv_oi_momentum,,False
f_软商_f_relative_rsi_diff_div_pv_oi_momentum,,False
f_软商_f_relative_rsi_diff_logx_pv_oi_momentum,,False
f_软商_f_relative_rsi_diff_x_pv_oi_vol_ratio,,False
f_软商_f_relative_rsi_diff_div_pv_oi_vol_ratio,,False
f_软商_f_relative_rsi_diff_logx_pv_oi_vol_ratio,,False
f_软商_f_relative_rsi_diff_x_pv_skew_ma5,,False
f_软商_f_relative_rsi_diff_div_pv_skew_ma5,,False
f_软商_f_relative_rsi_diff_logx_pv_skew_ma5,,False
f_软商_f_relative_rsi_diff_x_pv_wad,,False
f_软商_f_relative_rsi_diff_div_pv_wad,,False
f_软商_f_relative_rsi_diff_logx_pv_wad,,False
f_软商_f_relative_rsi_diff_x_v_skew_ma5,,False
f_软商_f_relative_rsi_diff_div_v_skew_ma5,,False
f_软商_f_relative_rsi_diff_logx_v_skew_ma5,,False
f_软商_f_relative_rsi_diff_x_vol_chg_dispersion,,False
f_软商_f_relative_rsi_diff_div_vol_chg_dispersion,,False
f_软商_f_relative_rsi_diff_logx_vol_chg_dispersion,,False
f_软商_f_relative_rsi_diff_x_vol_wsr,,False
f_软商_f_relative_rsi_diff_div_vol_wsr,,False
f_软商_f_relative_rsi_diff_logx_vol_wsr,,False
f_软商_f_relative_rsi_diff_x_volatility_10_dispersion,,False
f_软商_f_relative_rsi_diff_div_volatility_10_dispersion,,False
f_软商_f_relative_rsi_diff_logx_volatility_10_dispersion,,False
f_软商_f_relative_rsi_diff_x_wad,,False
f_软商_f_relative_rsi_diff_div_wad,,False
f_软商_f_relative_rsi_diff_logx_wad,,False
f_软商_f_relative_rsi_diff_x_wad_valid,,False
f_软商_f_relative_rsi_diff_div_wad_valid,,False
f_软商_f_relative_rsi_diff_logx_wad_valid,,False
f_软商_f_relative_rsi_diff_x_f_oi_hurst_20,,False
f_软商_f_relative_rsi_diff_div_f_oi_hurst_20,,False
f_软商_f_relative_rsi_diff_logx_f_oi_hurst_20,,False
f_软商_f_relative_rsi_diff_x_f_oi_hurst_20_ts_z,,False
f_软商_f_relative_rsi_diff_div_f_oi_hurst_20_ts_z,,False
f_软商_f_relative_rsi_diff_logx_f_oi_hurst_20_ts_z,,False
f_软商_hurst_signal_long_x_hurst_signal_long,,False
f_软商_hurst_signal_long_sq,,False
f_软商_hurst_signal_long_cube,,False
f_软商_hurst_signal_long_div_hurst_signal_long,,False
f_软商_hurst_signal_long_logx_hurst_signal_long,,False
f_软商_hurst_signal_long_x_hurst_signal_short,,False
f_软商_hurst_signal_long_div_hurst_signal_short,,False
f_软商_hurst_signal_long_logx_hurst_signal_short,,False
f_软商_hurst_signal_long_x_hurst_strength,,False
f_软商_hurst_signal_long_div_hurst_strength,,False
f_软商_hurst_signal_long_logx_hurst_strength,,False
f_软商_hurst_signal_long_x_hurst_value,,False
f_软商_hurst_signal_long_div_hurst_value,,False
f_软商_hurst_signal_long_logx_hurst_value,,False
f_软商_hurst_signal_long_x_kc_width,,False
f_软商_hurst_signal_long_div_kc_width,,False
f_软商_hurst_signal_long_logx_kc_width,,False
f_软商_hurst_signal_long_x_ma5,,False
f_软商_hurst_signal_long_div_ma5,,False
f_软商_hurst_signal_long_logx_ma5,,False
f_软商_hurst_signal_long_x_mfi_index,,False
f_软商_hurst_signal_long_div_mfi_index,,False
f_软商_hurst_signal_long_logx_mfi_index,,False
f_软商_hurst_signal_long_x_momentum_5,,False
f_软商_hurst_signal_long_div_momentum_5,,False
f_软商_hurst_signal_long_logx_momentum_5,,False
f_软商_hurst_signal_long_x_oi_chg,,False
f_软商_hurst_signal_long_div_oi_chg,,False
f_软商_hurst_signal_long_logx_oi_chg,,False
f_软商_hurst_signal_long_x_pv_oi_diff,,False
f_软商_hurst_signal_long_div_pv_oi_diff,,False
f_软商_hurst_signal_long_logx_pv_oi_diff,,False
f_软商_hurst_signal_long_x_pv_oi_efficiency,,False
f_软商_hurst_signal_long_div_pv_oi_efficiency,,False
f_软商_hurst_signal_long_logx_pv_oi_efficiency,,False
f_软商_hurst_signal_long_x_pv_oi_momentum,,False
f_软商_hurst_signal_long_div_pv_oi_momentum,,False
f_软商_hurst_signal_long_logx_pv_oi_momentum,,False
f_软商_hurst_signal_long_x_pv_oi_vol_ratio,,False
f_软商_hurst_signal_long_div_pv_oi_vol_ratio,,False
f_软商_hurst_signal_long_logx_pv_oi_vol_ratio,,False
f_软商_hurst_signal_long_x_pv_skew_ma5,,False
f_软商_hurst_signal_long_div_pv_skew_ma5,,False
f_软商_hurst_signal_long_logx_pv_skew_ma5,,False
f_软商_hurst_signal_long_x_pv_wad,,False
f_软商_hurst_signal_long_div_pv_wad,,False
f_软商_hurst_signal_long_logx_pv_wad,,False
f_软商_hurst_signal_long_x_v_skew_ma5,,False
f_软商_hurst_signal_long_div_v_skew_ma5,,False
f_软商_hurst_signal_long_logx_v_skew_ma5,,False
f_软商_hurst_signal_long_x_vol_chg_dispersion,,False
f_软商_hurst_signal_long_div_vol_chg_dispersion,,False
f_软商_hurst_signal_long_logx_vol_chg_dispersion,,False
f_软商_hurst_signal_long_x_vol_wsr,,False
f_软商_hurst_signal_long_div_vol_wsr,,False
f_软商_hurst_signal_long_logx_vol_wsr,,False
f_软商_hurst_signal_long_x_volatility_10_dispersion,,False
f_软商_hurst_signal_long_div_volatility_10_dispersion,,False
f_软商_hurst_signal_long_logx_volatility_10_dispersion,,False
f_软商_hurst_signal_long_x_wad,,False
f_软商_hurst_signal_long_div_wad,,False
f_软商_hurst_signal_long_logx_wad,,False
f_软商_hurst_signal_long_x_wad_valid,,False
f_软商_hurst_signal_long_div_wad_valid,,False
f_软商_hurst_signal_long_logx_wad_valid,,False
f_软商_hurst_signal_long_x_f_oi_hurst_20,,False
f_软商_hurst_signal_long_div_f_oi_hurst_20,,False
f_软商_hurst_signal_long_logx_f_oi_hurst_20,,False
f_软商_hurst_signal_long_x_f_oi_hurst_20_ts_z,,False
f_软商_hurst_signal_long_div_f_oi_hurst_20_ts_z,,False
f_软商_hurst_signal_long_logx_f_oi_hurst_20_ts_z,,False
f_软商_hurst_signal_short_x_hurst_signal_short,,False
f_软商_hurst_signal_short_sq,,False
f_软商_hurst_signal_short_cube,,False
f_软商_hurst_signal_short_div_hurst_signal_short,,False
f_软商_hurst_signal_short_logx_hurst_signal_short,,False
f_软商_hurst_signal_short_x_hurst_strength,,False
f_软商_hurst_signal_short_div_hurst_strength,,False
f_软商_hurst_signal_short_logx_hurst_strength,,False
f_软商_hurst_signal_short_x_hurst_value,,False
f_软商_hurst_signal_short_div_hurst_value,,False
f_软商_hurst_signal_short_logx_hurst_value,,False
f_软商_hurst_signal_short_x_kc_width,,False
f_软商_hurst_signal_short_div_kc_width,,False
f_软商_hurst_signal_short_logx_kc_width,,False
f_软商_hurst_signal_short_x_ma5,,False
f_软商_hurst_signal_short_div_ma5,,False
f_软商_hurst_signal_short_logx_ma5,,False
f_软商_hurst_signal_short_x_mfi_index,,False
f_软商_hurst_signal_short_div_mfi_index,,False
f_软商_hurst_signal_short_logx_mfi_index,,False
f_软商_hurst_signal_short_x_momentum_5,,False
f_软商_hurst_signal_short_div_momentum_5,,False
f_软商_hurst_signal_short_logx_momentum_5,,False
f_软商_hurst_signal_short_x_oi_chg,,False
f_软商_hurst_signal_short_div_oi_chg,,False
f_软商_hurst_signal_short_logx_oi_chg,,False
f_软商_hurst_signal_short_x_pv_oi_diff,,False
f_软商_hurst_signal_short_div_pv_oi_diff,,False
f_软商_hurst_signal_short_logx_pv_oi_diff,,False
f_软商_hurst_signal_short_x_pv_oi_efficiency,,False
f_软商_hurst_signal_short_div_pv_oi_efficiency,,False
f_软商_hurst_signal_short_logx_pv_oi_efficiency,,False
f_软商_hurst_signal_short_x_pv_oi_momentum,,False
f_软商_hurst_signal_short_div_pv_oi_momentum,,False
f_软商_hurst_signal_short_logx_pv_oi_momentum,,False
f_金融_f_relative_rsi_diff_x_f_relative_rsi_diff,,False
f_金融_f_relative_rsi_diff_sq,,False
f_金融_f_relative_rsi_diff_cube,,False
f_金融_f_relative_rsi_diff_div_f_relative_rsi_diff,,False
f_金融_f_relative_rsi_diff_logx_f_relative_rsi_diff,,False
f_金融_f_relative_rsi_diff_x_hurst_signal_long,,False
f_金融_f_relative_rsi_diff_div_hurst_signal_long,,False
f_金融_f_relative_rsi_diff_logx_hurst_signal_long,,False
f_金融_f_relative_rsi_diff_x_hurst_signal_short,,False
f_金融_f_relative_rsi_diff_div_hurst_signal_short,,False
f_金融_f_relative_rsi_diff_logx_hurst_signal_short,,False
f_金融_f_relative_rsi_diff_x_hurst_strength,,False
f_金融_f_relative_rsi_diff_div_hurst_strength,,False
f_金融_f_relative_rsi_diff_logx_hurst_strength,,False
f_金融_f_relative_rsi_diff_x_hurst_value,,False
f_金融_f_relative_rsi_diff_div_hurst_value,,False
f_金融_f_relative_rsi_diff_logx_hurst_value,,False
f_金融_f_relative_rsi_diff_x_kc_width,,False
f_金融_f_relative_rsi_diff_div_kc_width,,False
f_金融_f_relative_rsi_diff_logx_kc_width,,False
f_金融_f_relative_rsi_diff_x_ma5,,False
f_金融_f_relative_rsi_diff_div_ma5,,False
f_金融_f_relative_rsi_diff_logx_ma5,,False
f_金融_f_relative_rsi_diff_x_mfi_index,,False
f_金融_f_relative_rsi_diff_div_mfi_index,,False
f_金融_f_relative_rsi_diff_logx_mfi_index,,False
f_金融_f_relative_rsi_diff_x_momentum_5,,False
f_金融_f_relative_rsi_diff_div_momentum_5,,False
f_金融_f_relative_rsi_diff_logx_momentum_5,,False
f_金融_f_relative_rsi_diff_x_oi_chg,,False
f_金融_f_relative_rsi_diff_div_oi_chg,,False
f_金融_f_relative_rsi_diff_logx_oi_chg,,False
f_金融_f_relative_rsi_diff_x_pv_oi_diff,,False
f_金融_f_relative_rsi_diff_div_pv_oi_diff,,False
f_金融_f_relative_rsi_diff_logx_pv_oi_diff,,False
f_金融_f_relative_rsi_diff_x_pv_oi_efficiency,,False
f_金融_f_relative_rsi_diff_div_pv_oi_efficiency,,False
f_金融_f_relative_rsi_diff_logx_pv_oi_efficiency,,False
f_金融_f_relative_rsi_diff_x_pv_oi_momentum,,False
f_金融_f_relative_rsi_diff_div_pv_oi_momentum,,False
f_金融_f_relative_rsi_diff_logx_pv_oi_momentum,,False
f_金融_f_relative_rsi_diff_x_pv_oi_vol_ratio,,False
f_金融_f_relative_rsi_diff_div_pv_oi_vol_ratio,,False
f_金融_f_relative_rsi_diff_logx_pv_oi_vol_ratio,,False
f_金融_f_relative_rsi_diff_x_pv_skew_ma5,,False
f_金融_f_relative_rsi_diff_div_pv_skew_ma5,,False
f_金融_f_relative_rsi_diff_logx_pv_skew_ma5,,False
f_金融_f_relative_rsi_diff_x_pv_wad,,False
f_金融_f_relative_rsi_diff_div_pv_wad,,False
f_金融_f_relative_rsi_diff_logx_pv_wad,,False
f_金融_f_relative_rsi_diff_x_v_skew_ma5,,False
f_金融_f_relative_rsi_diff_div_v_skew_ma5,,False
f_金融_f_relative_rsi_diff_logx_v_skew_ma5,,False
f_金融_f_relative_rsi_diff_x_vol_chg_dispersion,,False
f_金融_f_relative_rsi_diff_div_vol_chg_dispersion,,False
f_金融_f_relative_rsi_diff_logx_vol_chg_dispersion,,False
f_金融_f_relative_rsi_diff_x_vol_wsr,,False
f_金融_f_relative_rsi_diff_div_vol_wsr,,False
f_金融_f_relative_rsi_diff_logx_vol_wsr,,False
f_金融_f_relative_rsi_diff_x_volatility_10_dispersion,,False
f_金融_f_relative_rsi_diff_div_volatility_10_dispersion,,False
f_金融_f_relative_rsi_diff_logx_volatility_10_dispersion,,False
f_金融_f_relative_rsi_diff_x_wad,,False
f_金融_f_relative_rsi_diff_div_wad,,False
f_金融_f_relative_rsi_diff_logx_wad,,False
f_金融_f_relative_rsi_diff_x_wad_valid,,False
f_金融_f_relative_rsi_diff_div_wad_valid,,False
f_金融_f_relative_rsi_diff_logx_wad_valid,,False
f_金融_f_relative_rsi_diff_x_f_oi_hurst_20,,False
f_金融_f_relative_rsi_diff_div_f_oi_hurst_20,,False
f_金融_f_relative_rsi_diff_logx_f_oi_hurst_20,,False
f_金融_f_relative_rsi_diff_x_f_oi_hurst_20_ts_z,,False
f_金融_f_relative_rsi_diff_div_f_oi_hurst_20_ts_z,,False
f_金融_f_relative_rsi_diff_logx_f_oi_hurst_20_ts_z,,False
f_金融_hurst_signal_long_x_hurst_signal_long,,False
f_金融_hurst_signal_long_sq,,False
f_金融_hurst_signal_long_cube,,False
f_金融_hurst_signal_long_div_hurst_signal_long,,False
f_金融_hurst_signal_long_logx_hurst_signal_long,,False
f_金融_hurst_signal_long_x_hurst_signal_short,,False
f_金融_hurst_signal_long_div_hurst_signal_short,,False
f_金融_hurst_signal_long_logx_hurst_signal_short,,False
f_金融_hurst_signal_long_x_hurst_strength,,False
f_金融_hurst_signal_long_div_hurst_strength,,False
f_金融_hurst_signal_long_logx_hurst_strength,,False
f_金融_hurst_signal_long_x_hurst_value,,False
f_金融_hurst_signal_long_div_hurst_value,,False
f_金融_hurst_signal_long_logx_hurst_value,,False
f_金融_hurst_signal_long_x_kc_width,,False
f_金融_hurst_signal_long_div_kc_width,,False
f_金融_hurst_signal_long_logx_kc_width,,False
f_金融_hurst_signal_long_x_ma5,,False
f_金融_hurst_signal_long_div_ma5,,False
f_金融_hurst_signal_long_logx_ma5,,False
f_金融_hurst_signal_long_x_mfi_index,,False
f_金融_hurst_signal_long_div_mfi_index,,False
f_金融_hurst_signal_long_logx_mfi_index,,False
f_金融_hurst_signal_long_x_momentum_5,,False
f_金融_hurst_signal_long_div_momentum_5,,False
f_金融_hurst_signal_long_logx_momentum_5,,False
f_金融_hurst_signal_long_x_oi_chg,,False
f_金融_hurst_signal_long_div_oi_chg,,False
f_金融_hurst_signal_long_logx_oi_chg,,False
f_金融_hurst_signal_long_x_pv_oi_diff,,False
f_金融_hurst_signal_long_div_pv_oi_diff,,False
f_金融_hurst_signal_long_logx_pv_oi_diff,,False
f_金融_hurst_signal_long_x_pv_oi_efficiency,,False
f_金融_hurst_signal_long_div_pv_oi_efficiency,,False
f_金融_hurst_signal_long_logx_pv_oi_efficiency,,False
f_金融_hurst_signal_long_x_pv_oi_momentum,,False
f_金融_hurst_signal_long_div_pv_oi_momentum,,False
f_金融_hurst_signal_long_logx_pv_oi_momentum,,False
f_金融_hurst_signal_long_x_pv_oi_vol_ratio,,False
f_金融_hurst_signal_long_div_pv_oi_vol_ratio,,False
f_金融_hurst_signal_long_logx_pv_oi_vol_ratio,,False
f_金融_hurst_signal_long_x_pv_skew_ma5,,False
f_金融_hurst_signal_long_div_pv_skew_ma5,,False
f_金融_hurst_signal_long_logx_pv_skew_ma5,,False
f_金融_hurst_signal_long_x_pv_wad,,False
f_金融_hurst_signal_long_div_pv_wad,,False
f_金融_hurst_signal_long_logx_pv_wad,,False
f_金融_hurst_signal_long_x_v_skew_ma5,,False
f_金融_hurst_signal_long_div_v_skew_ma5,,False
f_金融_hurst_signal_long_logx_v_skew_ma5,,False
f_金融_hurst_signal_long_x_vol_chg_dispersion,,False
f_金融_hurst_signal_long_div_vol_chg_dispersion,,False
f_金融_hurst_signal_long_logx_vol_chg_dispersion,,False
f_金融_hurst_signal_long_x_vol_wsr,,False
f_金融_hurst_signal_long_div_vol_wsr,,False
f_金融_hurst_signal_long_logx_vol_wsr,,False
f_金融_hurst_signal_long_x_volatility_10_dispersion,,False
f_金融_hurst_signal_long_div_volatility_10_dispersion,,False
f_金融_hurst_signal_long_logx_volatility_10_dispersion,,False
f_金融_hurst_signal_long_x_wad,,False
f_金融_hurst_signal_long_div_wad,,False
f_金融_hurst_signal_long_logx_wad,,False
f_金融_hurst_signal_long_x_wad_valid,,False
f_金融_hurst_signal_long_div_wad_valid,,False
f_金融_hurst_signal_long_logx_wad_valid,,False
f_金融_hurst_signal_long_x_f_oi_hurst_20,,False
f_金融_hurst_signal_long_div_f_oi_hurst_20,,False
f_金融_hurst_signal_long_logx_f_oi_hurst_20,,False
f_金融_hurst_signal_long_x_f_oi_hurst_20_ts_z,,False
f_金融_hurst_signal_long_div_f_oi_hurst_20_ts_z,,False
f_金融_hurst_signal_long_logx_f_oi_hurst_20_ts_z,,False
f_金融_hurst_signal_short_x_hurst_signal_short,,False
f_金融_hurst_signal_short_sq,,False
f_金融_hurst_signal_short_cube,,False
f_金融_hurst_signal_short_div_hurst_signal_short,,False
f_金融_hurst_signal_short_logx_hurst_signal_short,,False
f_金融_hurst_signal_short_x_hurst_strength,,False
f_金融_hurst_signal_short_div_hurst_strength,,False
f_金融_hurst_signal_short_logx_hurst_strength,,False
f_金融_hurst_signal_short_x_hurst_value,,False
f_金融_hurst_signal_short_div_hurst_value,,False
f_金融_hurst_signal_short_logx_hurst_value,,False
f_金融_hurst_signal_short_x_kc_width,,False
f_金融_hurst_signal_short_div_kc_width,,False
f_金融_hurst_signal_short_logx_kc_width,,False
f_金融_hurst_signal_short_x_ma5,,False
f_金融_hurst_signal_short_div_ma5,,False
f_金融_hurst_signal_short_logx_ma5,,False
f_金融_hurst_signal_short_x_mfi_index,,False
f_金融_hurst_signal_short_div_mfi_index,,False
f_金融_hurst_signal_short_logx_mfi_index,,False
f_金融_hurst_signal_short_x_momentum_5,,False
f_金融_hurst_signal_short_div_momentum_5,,False
f_金融_hurst_signal_short_logx_momentum_5,,False
f_金融_hurst_signal_short_x_oi_chg,,False
f_金融_hurst_signal_short_div_oi_chg,,False
f_金融_hurst_signal_short_logx_oi_chg,,False
f_金融_hurst_signal_short_x_pv_oi_diff,,False
f_金融_hurst_signal_short_div_pv_oi_diff,,False
f_金融_hurst_signal_short_logx_pv_oi_diff,,False
f_金融_hurst_signal_short_x_pv_oi_efficiency,,False
f_金融_hurst_signal_short_div_pv_oi_efficiency,,False
f_金融_hurst_signal_short_logx_pv_oi_efficiency,,False
f_金融_hurst_signal_short_x_pv_oi_momentum,,False
f_金融_hurst_signal_short_div_pv_oi_momentum,,False
f_金融_hurst_signal_short_logx_pv_oi_momentum,,False
f_黑色_f_relative_rsi_diff_x_f_relative_rsi_diff,0.01077550816796469,False
f_黑色_f_relative_rsi_diff_sq,0.01077550816796469,False
f_黑色_f_relative_rsi_diff_cube,-0.04693745871290079,False
f_黑色_f_relative_rsi_diff_div_f_relative_rsi_diff,-0.04860122907007848,False
f_黑色_f_relative_rsi_diff_logx_f_relative_rsi_diff,-0.010093044010157474,False
f_黑色_f_relative_rsi_diff_x_hurst_signal_long,-0.058946688064775044,False
f_黑色_f_relative_rsi_diff_div_hurst_signal_long,-0.050216375512846585,False
f_黑色_f_relative_rsi_diff_logx_hurst_signal_long,0.021265616104737366,False
f_黑色_f_relative_rsi_diff_x_hurst_signal_short,-0.04958812443335784,False
f_黑色_f_relative_rsi_diff_div_hurst_signal_short,-0.050936045964697516,False
f_黑色_f_relative_rsi_diff_logx_hurst_signal_short,0.02797112019133221,False
f_黑色_f_relative_rsi_diff_x_hurst_strength,-0.058116432532240955,False
f_黑色_f_relative_rsi_diff_div_hurst_strength,-0.04762688103162841,False
f_黑色_f_relative_rsi_diff_logx_hurst_strength,-0.01387144532493415,False
f_黑色_f_relative_rsi_diff_x_hurst_value,-0.04559609929145615,False
f_黑色_f_relative_rsi_diff_div_hurst_value,-0.04471594663081897,False
f_黑色_f_relative_rsi_diff_logx_hurst_value,-0.011990039398853755,False
f_黑色_f_relative_rsi_diff_x_kc_width,-0.06032045906271015,False
f_黑色_f_relative_rsi_diff_div_kc_width,-0.046493982477727916,False
f_黑色_f_relative_rsi_diff_logx_kc_width,0.011939844734792026,False
f_黑色_f_relative_rsi_diff_x_ma5,-0.07933430007292876,False
f_黑色_f_relative_rsi_diff_div_ma5,-0.04423042392275575,False
f_黑色_f_relative_rsi_diff_logx_ma5,-0.06386051106807955,False
f_黑色_f_relative_rsi_diff_x_mfi_index,-0.07381606819220375,False
f_黑色_f_relative_rsi_diff_div_mfi_index,-0.04527967308851904,False
f_黑色_f_relative_rsi_diff_logx_mfi_index,0.008680870780310173,False
f_黑色_f_relative_rsi_diff_x_momentum_5,-0.06486506161041562,False
f_黑色_f_relative_rsi_diff_div_momentum_5,-0.04836940374510992,False
f_黑色_f_relative_rsi_diff_logx_momentum_5,-0.016431209048298933,False
f_黑色_f_relative_rsi_diff_x_oi_chg,-0.003195920144821507,False
f_黑色_f_relative_rsi_diff_div_oi_chg,-0.04246458649439053,False
f_黑色_f_relative_rsi_diff_logx_oi_chg,0.023669784988355556,False
f_黑色_f_relative_rsi_diff_x_pv_oi_diff,-0.0539829890961348,False
f_黑色_f_relative_rsi_diff_div_pv_oi_diff,-0.05538340919454926,False
f_黑色_f_relative_rsi_diff_logx_pv_oi_diff,0.04202725939745908,False
f_黑色_f_relative_rsi_diff_x_pv_oi_efficiency,-0.0614209096425407,False
f_黑色_f_relative_rsi_diff_div_pv_oi_efficiency,-0.04212516750099303,False
f_黑色_f_relative_rsi_diff_logx_pv_oi_efficiency,0.017153031505559753,False
f_黑色_f_relative_rsi_diff_x_pv_oi_momentum,-0.06414106591804647,False
f_黑色_f_relative_rsi_diff_div_pv_oi_momentum,-0.053207272656244003,False
f_黑色_f_relative_rsi_diff_logx_pv_oi_momentum,0.039259281159968795,False
f_黑色_f_relative_rsi_diff_x_pv_oi_vol_ratio,-0.06318403991981147,False
f_黑色_f_relative_rsi_diff_div_pv_oi_vol_ratio,-0.051813954239995325,False
f_黑色_f_relative_rsi_diff_logx_pv_oi_vol_ratio,0.02833034293544293,False
f_黑色_f_relative_rsi_diff_x_pv_skew_ma5,-0.06087619612309459,False
f_黑色_f_relative_rsi_diff_div_pv_skew_ma5,-0.06028859642486379,False
f_黑色_f_relative_rsi_diff_logx_pv_skew_ma5,-0.007202498637180698,False
f_黑色_f_relative_rsi_diff_x_pv_wad,-0.041160402498114965,False
f_黑色_f_relative_rsi_diff_div_pv_wad,-0.06098669824732195,False
f_黑色_f_relative_rsi_diff_logx_pv_wad,-0.002945145260730749,False
f_黑色_f_relative_rsi_diff_x_v_skew_ma5,-0.06064321471414959,False
f_黑色_f_relative_rsi_diff_div_v_skew_ma5,-0.05996687463589853,False
f_黑色_f_relative_rsi_diff_logx_v_skew_ma5,-0.01019271391796477,False
f_黑色_f_relative_rsi_diff_x_vol_chg_dispersion,-0.02912188723483354,False
f_黑色_f_relative_rsi_diff_div_vol_chg_dispersion,-0.05732007336497533,False
f_黑色_f_relative_rsi_diff_logx_vol_chg_dispersion,0.0743881869267149,False
f_黑色_f_relative_rsi_diff_x_vol_wsr,-0.029588567088604426,False
f_黑色_f_relative_rsi_diff_div_vol_wsr,0.018769195856524486,False
f_黑色_f_relative_rsi_diff_logx_vol_wsr,0.06203316531549076,False
f_黑色_f_relative_rsi_diff_x_volatility_10_dispersion,-0.057320073877162814,False
f_黑色_f_relative_rsi_diff_div_volatility_10_dispersion,-0.032172304863313995,False
f_黑色_f_relative_rsi_diff_logx_volatility_10_dispersion,0.027819314192432564,False
f_黑色_f_relative_rsi_diff_x_wad,-0.03865650617866196,False
f_黑色_f_relative_rsi_diff_div_wad,-0.04359964607384923,False
f_黑色_f_relative_rsi_diff_logx_wad,0.041297337212794924,False
f_黑色_f_relative_rsi_diff_x_wad_valid,-0.052157825643647675,False
f_黑色_f_relative_rsi_diff_div_wad_valid,-0.05184009246100806,False
f_黑色_f_relative_rsi_diff_logx_wad_valid,0.02781931316828924,False
f_黑色_f_relative_rsi_diff_x_f_oi_hurst_20,0.0075042748416803175,False
f_黑色_f_relative_rsi_diff_div_f_oi_hurst_20,-0.022800309465379486,False
f_黑色_f_relative_rsi_diff_logx_f_oi_hurst_20,-0.0544374932610149,False
f_黑色_f_relative_rsi_diff_x_f_oi_hurst_20_ts_z,-0.010696013336701263,False
f_黑色_f_relative_rsi_diff_div_f_oi_hurst_20_ts_z,-0.028095754181838708,False
f_黑色_f_relative_rsi_diff_logx_f_oi_hurst_20_ts_z,-0.04622350922548249,False
f_黑色_hurst_signal_long_x_hurst_signal_long,-0.07718759122246348,False
f_黑色_hurst_signal_long_sq,-0.07718759122246348,False
f_黑色_hurst_signal_long_cube,-0.07718759122246348,False
f_黑色_hurst_signal_long_div_hurst_signal_long,0.08134464661762746,False
f_黑色_hurst_signal_long_logx_hurst_signal_long,0.07718759122246348,False
f_黑色_hurst_signal_long_x_hurst_signal_short,-0.014691919684041531,False
f_黑色_hurst_signal_long_div_hurst_signal_short,-0.06277865347889526,False
f_黑色_hurst_signal_long_logx_hurst_signal_short,-0.05748110315770194,False
f_黑色_hurst_signal_long_x_hurst_strength,-0.019967532613519377,False
f_黑色_hurst_signal_long_div_hurst_strength,-0.015178748632484475,False
f_黑色_hurst_signal_long_logx_hurst_strength,-0.022481968154650173,False
f_黑色_hurst_signal_long_x_hurst_value,-0.05975098230572565,False
f_黑色_hurst_signal_long_div_hurst_value,0.008736475154171943,False
f_黑色_hurst_signal_long_logx_hurst_value,0.020053398858457964,False
f_黑色_hurst_signal_long_x_kc_width,-0.019027121097707662,False
f_黑色_hurst_signal_long_div_kc_width,-0.0065834873570516685,False
f_黑色_hurst_signal_long_logx_kc_width,-0.009975526862118098,False
f_黑色_hurst_signal_long_x_ma5,-0.09521703369541752,False
f_黑色_hurst_signal_long_div_ma5,0.1100723239681678,False
f_黑色_hurst_signal_long_logx_ma5,0.07272504379941352,False
f_黑色_hurst_signal_long_x_mfi_index,-0.06787474896311094,False
f_黑色_hurst_signal_long_div_mfi_index,0.02463304286036411,False
f_黑色_hurst_signal_long_logx_mfi_index,0.03845511842958549,False
f_黑色_hurst_signal_long_x_momentum_5,-0.06527783564259719,False
f_黑色_hurst_signal_long_div_momentum_5,0.027384766939727963,False
f_黑色_hurst_signal_long_logx_momentum_5,0.03679332263874149,False
f_黑色_hurst_signal_long_x_oi_chg,0.05839003467984248,False
f_黑色_hurst_signal_long_div_oi_chg,-0.01504230758139713,False
f_黑色_hurst_signal_long_logx_oi_chg,-0.05926582479025813,False
f_黑色_hurst_signal_long_x_pv_oi_diff,0.0335374140688347,False
f_黑色_hurst_signal_long_div_pv_oi_diff,-0.03923107100907169,False
f_黑色_hurst_signal_long_logx_pv_oi_diff,-0.055278021641671046,False
f_黑色_hurst_signal_long_x_pv_oi_efficiency,-0.013664309372428218,False
f_黑色_hurst_signal_long_div_pv_oi_efficiency,-0.034518035484098424,False
f_黑色_hurst_signal_long_logx_pv_oi_efficiency,-0.03546979547312396,False
f_黑色_hurst_signal_long_x_pv_oi_momentum,0.03645065928971531,False
f_黑色_hurst_signal_long_div_pv_oi_momentum,-0.05729024705408202,False
f_黑色_hurst_signal_long_logx_pv_oi_momentum,-0.07943851300533723,False
f_黑色_hurst_signal_long_x_pv_oi_vol_ratio,-0.0244699211865208,False
f_黑色_hurst_signal_long_div_pv_oi_vol_ratio,-0.027722875297634505,False
f_黑色_hurst_signal_long_logx_pv_oi_vol_ratio,-0.00894080514054503,False
f_黑色_hurst_signal_long_x_pv_skew_ma5,-0.04691634922985038,False
f_黑色_hurst_signal_long_div_pv_skew_ma5,0.026417224420661623,False
f_黑色_hurst_signal_long_logx_pv_skew_ma5,0.02667742986209831,False
f_黑色_hurst_signal_long_x_pv_wad,-0.06349274182024317,False
f_黑色_hurst_signal_long_div_pv_wad,0.03352636757192304,False
f_黑色_hurst_signal_long_logx_pv_wad,0.03328357504765203,False
f_黑色_hurst_signal_long_x_v_skew_ma5,-0.045117971227143526,False
f_黑色_hurst_signal_long_div_v_skew_ma5,0.02273177917233417,False
f_黑色_hurst_signal_long_logx_v_skew_ma5,0.024892524850305756,False
f_黑色_hurst_signal_long_x_vol_chg_dispersion,,False
f_黑色_hurst_signal_long_div_vol_chg_dispersion,-0.07718759122246348,False
f_黑色_hurst_signal_long_logx_vol_chg_dispersion,,False
f_黑色_hurst_signal_long_x_vol_wsr,0.010505144091760763,False
f_黑色_hurst_signal_long_div_vol_wsr,0.015529157613422679,False
f_黑色_hurst_signal_long_logx_vol_wsr,0.08825883026548596,False
f_黑色_hurst_signal_long_x_volatility_10_dispersion,-0.07718759122246349,False
f_黑色_hurst_signal_long_div_volatility_10_dispersion,,False
f_黑色_hurst_signal_long_logx_volatility_10_dispersion,-0.07718759122246348,False
f_黑色_hurst_signal_long_x_wad,-0.0038962479204954336,False
f_黑色_hurst_signal_long_div_wad,-0.02047030157155555,False
f_黑色_hurst_signal_long_logx_wad,-0.011931755191865007,False
f_黑色_hurst_signal_long_x_wad_valid,-0.07718759122246349,False
f_黑色_hurst_signal_long_div_wad_valid,-0.07718759122246348,False
f_黑色_hurst_signal_long_logx_wad_valid,-0.07718759122246348,False
f_黑色_hurst_signal_long_x_f_oi_hurst_20,-0.05752640599380723,False
f_黑色_hurst_signal_long_div_f_oi_hurst_20,0.05473732905952393,False
f_黑色_hurst_signal_long_logx_f_oi_hurst_20,0.03419301776347146,False
f_黑色_hurst_signal_long_x_f_oi_hurst_20_ts_z,-0.040646797988695325,False
f_黑色_hurst_signal_long_div_f_oi_hurst_20_ts_z,0.00238835514512367,False
f_黑色_hurst_signal_long_logx_f_oi_hurst_20_ts_z,0.021376054668248188,False
f_黑色_hurst_signal_short_x_hurst_signal_short,0.0383459364752223,False
f_黑色_hurst_signal_short_sq,0.0383459364752223,False
f_黑色_hurst_signal_short_cube,0.0383459364752223,False
f_黑色_hurst_signal_short_div_hurst_signal_short,-0.04096844975427646,False
f_黑色_hurst_signal_short_logx_hurst_signal_short,-0.0383459364752223,False
f_黑色_hurst_signal_short_x_hurst_strength,0.0012983586987541837,False
f_黑色_hurst_signal_short_div_hurst_strength,0.008426872975546142,False
f_黑色_hurst_signal_short_logx_hurst_strength,-0.010220786898338082,False
f_黑色_hurst_signal_short_x_hurst_value,-0.043035073428150696,False
f_黑色_hurst_signal_short_div_hurst_value,0.02051709967972745,False
f_黑色_hurst_signal_short_logx_hurst_value,0.06329880438325687,False
f_黑色_hurst_signal_short_x_kc_width,-0.0033207604502362175,False
f_黑色_hurst_signal_short_div_kc_width,0.009456950761514938,False
f_黑色_hurst_signal_short_logx_kc_width,0.02113716269202064,False
f_黑色_hurst_signal_short_x_ma5,-0.0898110155640408,False
f_黑色_hurst_signal_short_div_ma5,0.10924602777633267,False
f_黑色_hurst_signal_short_logx_ma5,0.09209005748884246,False
f_黑色_hurst_signal_short_x_mfi_index,-0.04096284169954103,False
f_黑色_hurst_signal_short_div_mfi_index,0.025947178158182094,False
f_黑色_hurst_signal_short_logx_mfi_index,0.06322391574608784,False
f_黑色_hurst_signal_short_x_momentum_5,-0.054983186176500894,False
f_黑色_hurst_signal_short_div_momentum_5,0.036523987393180656,False
f_黑色_hurst_signal_short_logx_momentum_5,0.06351791477152778,False
f_黑色_hurst_signal_short_x_oi_chg,0.05832177546877723,False
f_黑色_hurst_signal_short_div_oi_chg,-0.013710635433316128,False
f_黑色_hurst_signal_short_logx_oi_chg,-0.05994109024319958,False
f_黑色_hurst_signal_short_x_pv_oi_diff,0.04083713277674193,False
f_黑色_hurst_signal_short_div_pv_oi_diff,-0.04028931633758843,False
f_黑色_hurst_signal_short_logx_pv_oi_diff,-0.03400470076120284,False
f_黑色_hurst_signal_short_x_pv_oi_efficiency,0.013116551650326365,False
f_黑色_hurst_signal_short_div_pv_oi_efficiency,-0.0177830074420917,False
f_黑色_hurst_signal_short_logx_pv_oi_efficiency,0.0058655710342438135,False
f_黑色_hurst_signal_short_x_pv_oi_momentum,0.05425450111640069,False
f_黑色_hurst_signal_short_div_pv_oi_momentum,-0.051543489740567675,False
f_黑色_hurst_signal_short_logx_pv_oi_momentum,-0.04570927180659072,False
