symbol,trade_date,open,high,low,close,vol,oi,amount,sp500,vix,dxy,usdcny,us10y,inf_expect,real_rate,wti,audusd,usdcnh,usdjpy,spot_price,gold_price,_source_file,label_target_ret_5d,next_trade_date,ret_1,ma5,ma10,momentum_5,volatility_10,wad,wad_valid,vr,vr_valid,mfi,kc_pos,kc_width,kc_bias,kc_squeeze,kc_breakout,dist_ma20,dist_ma20_rank,vol_regime,volume,ret_skew_w30,ret_kurt_w30,vol_skew_w30,vol_kurt_w30,vol_skew_z_w30,vol_kurt_z_w30,ret_skew_w60,ret_kurt_w60,vol_skew_w60,vol_kurt_w60,vol_skew_z_w60,vol_kurt_z_w60,ret_skew_w120,ret_kurt_w120,vol_skew_w120,vol_kurt_w120,vol_skew_z_w120,vol_kurt_z_w120,ret_kurt_std_w120,v_skew_ratio,v_skew_ma5,v_skew_tag,v_skew_shadow_bias,v_skew_raw_z,hurst_value,hurst_regime,hurst_strength,hurst_signal_long,hurst_signal_short,auto_corr_l1,auto_alpha_stability,hilbert_amp,hilbert_phase,hilbert_freq,vr_skew_w30,vr_kurt_w30,vr_skew_rank_w30,vr_kurt_rank_w30,vr_skew_w60,vr_kurt_w60,vr_skew_rank_w60,vr_kurt_rank_w60,vr_skew_w120,vr_kurt_w120,vr_skew_rank_w120,vr_kurt_rank_w120,pv_skew_ratio,pv_skew_ma5,pv_shadow_bias,pv_wad,pv_wad_z,pv_div_idx,pv_chip_vacuum,vr_ratio,pv_ddi,pv_addi,mfi_index,pv_oi_diff,pv_oi_momentum,pv_oi_efficiency,pv_oi_vol_ratio,sector,ret,ret_1_cs_rank,ret_1_cs_z,ma5_cs_rank,ma5_cs_z,ma10_cs_rank,ma10_cs_z,momentum_5_cs_rank,momentum_5_cs_z,volatility_10_cs_rank,volatility_10_cs_z,wad_cs_rank,wad_cs_z,vr_cs_rank,vr_cs_z,mfi_cs_rank,mfi_cs_z,kc_pos_cs_rank,kc_pos_cs_z,kc_width_cs_rank,kc_width_cs_z,kc_bias_cs_rank,kc_bias_cs_z,kc_squeeze_cs_rank,kc_squeeze_cs_z,kc_breakout_cs_rank,kc_breakout_cs_z,dist_ma20_cs_rank,dist_ma20_cs_z,dist_ma20_rank_cs_rank,dist_ma20_rank_cs_z,volume_cs_rank,volume_cs_z,ret_skew_w30_cs_rank,ret_skew_w30_cs_z,ret_kurt_w30_cs_rank,ret_kurt_w30_cs_z,vol_skew_w30_cs_rank,vol_skew_w30_cs_z,vol_kurt_w30_cs_rank,vol_kurt_w30_cs_z,vol_skew_z_w30_cs_rank,vol_skew_z_w30_cs_z,vol_kurt_z_w30_cs_rank,vol_kurt_z_w30_cs_z,ret_skew_w60_cs_rank,ret_skew_w60_cs_z,ret_kurt_w60_cs_rank,ret_kurt_w60_cs_z,vol_skew_w60_cs_rank,vol_skew_w60_cs_z,vol_kurt_w60_cs_rank,vol_kurt_w60_cs_z,vol_skew_z_w60_cs_rank,vol_skew_z_w60_cs_z,vol_kurt_z_w60_cs_rank,vol_kurt_z_w60_cs_z,ret_skew_w120_cs_rank,ret_skew_w120_cs_z,ret_kurt_w120_cs_rank,ret_kurt_w120_cs_z,vol_skew_w120_cs_rank,vol_skew_w120_cs_z,vol_kurt_w120_cs_rank,vol_kurt_w120_cs_z,vol_skew_z_w120_cs_rank,vol_skew_z_w120_cs_z,vol_kurt_z_w120_cs_rank,vol_kurt_z_w120_cs_z,ret_kurt_std_w120_cs_rank,ret_kurt_std_w120_cs_z,v_skew_ratio_cs_rank,v_skew_ratio_cs_z,v_skew_ma5_cs_rank,v_skew_ma5_cs_z,v_skew_shadow_bias_cs_rank,v_skew_shadow_bias_cs_z,v_skew_raw_z_cs_rank,v_skew_raw_z_cs_z,hurst_value_cs_rank,hurst_value_cs_z,hurst_strength_cs_rank,hurst_strength_cs_z,hurst_signal_long_cs_rank,hurst_signal_long_cs_z,hurst_signal_short_cs_rank,hurst_signal_short_cs_z,auto_corr_l1_cs_rank,auto_corr_l1_cs_z,auto_alpha_stability_cs_rank,auto_alpha_stability_cs_z,hilbert_amp_cs_rank,hilbert_amp_cs_z,hilbert_phase_cs_rank,hilbert_phase_cs_z,hilbert_freq_cs_rank,hilbert_freq_cs_z,vr_skew_w30_cs_rank,vr_skew_w30_cs_z,vr_kurt_w30_cs_rank,vr_kurt_w30_cs_z,vr_skew_rank_w30_cs_rank,vr_skew_rank_w30_cs_z,vr_kurt_rank_w30_cs_rank,vr_kurt_rank_w30_cs_z,vr_skew_w60_cs_rank,vr_skew_w60_cs_z,vr_kurt_w60_cs_rank,vr_kurt_w60_cs_z,vr_skew_rank_w60_cs_rank,vr_skew_rank_w60_cs_z,vr_kurt_rank_w60_cs_rank,vr_kurt_rank_w60_cs_z,vr_skew_w120_cs_rank,vr_skew_w120_cs_z,vr_kurt_w120_cs_rank,vr_kurt_w120_cs_z,vr_skew_rank_w120_cs_rank,vr_skew_rank_w120_cs_z,vr_kurt_rank_w120_cs_rank,vr_kurt_rank_w120_cs_z,pv_skew_ratio_cs_rank,pv_skew_ratio_cs_z,pv_skew_ma5_cs_rank,pv_skew_ma5_cs_z,pv_shadow_bias_cs_rank,pv_shadow_bias_cs_z,pv_wad_cs_rank,pv_wad_cs_z,pv_wad_z_cs_rank,pv_wad_z_cs_z,pv_div_idx_cs_rank,pv_div_idx_cs_z,pv_chip_vacuum_cs_rank,pv_chip_vacuum_cs_z,vr_ratio_cs_rank,vr_ratio_cs_z,pv_ddi_cs_rank,pv_ddi_cs_z,pv_addi_cs_rank,pv_addi_cs_z,mfi_index_cs_rank,mfi_index_cs_z,pv_oi_diff_cs_rank,pv_oi_diff_cs_z,pv_oi_momentum_cs_rank,pv_oi_momentum_cs_z,pv_oi_efficiency_cs_rank,pv_oi_efficiency_cs_z,pv_oi_vol_ratio_cs_rank,pv_oi_vol_ratio_cs_z,sector_ret_rank,sector_corr_20,score_trend,score_liquidity,score_quality,score_structure,final_alpha_score
UR,2026-04-24,2015.0,2034.0,1993.0,2015.0,499108.0,360540.0,2.0098144e+06,,,,,,,,,,,,,1032.12,UR.ZCE.csv,,,0.003986001,1992.6,1924.7,0.04134369,0.0154796885,-33.0,1,207.737,1,57.831352,1.6737089,0.056349207,3.5211267,0.0,1.0,6.6137567,0.992,2.0,,1.2069886,1.2745246,,,,,1.003337,1.9606961,,,,,1.146652,2.943627,,,,,2.8614676,4.1e+10,8.2000005e+09,0.0,-0.07317073,4.570227,0.03442173,-1.0,0.9311565,0.0,0.0,-0.13039716,0.13039716,148.44624,0.5697133,0.15009895,2.0359368,3.8609817,0.7777778,0.6785714,2.3065393,5.9403896,0.6825397,0.6507937,3.2548492,13.115697,0.9880952,0.8452381,4.1e+10,8.2000005e+09,-0.07317073,1.1538017e+09,2.871942,0.0,8.598956e-08,207.737,0.70454544,0.07433208,57.831352,-3061.0,150641.0,0.00053106394,0.7223687,能化,0.003986001,0.83076924,0.5606938,0.13846155,-0.33990273,0.13846155,-0.34066123,0.9692308,1.5208781,0.6923077,0.012548065,0.43076923,-0.14551347,0.9846154,2.4840708,0.5538462,0.13976881,0.9846154,1.9091758,0.44615385,-0.58165056,0.9846154,1.9091755,0.42307693,-0.44785023,0.8384615,1.3872547,0.9230769,1.3822886,1.0,1.3660222,,,0.8769231,0.80685973,0.43076923,-0.35251078,,,,,,,,,0.84615386,0.6749762,0.63076925,-0.25793558,,,,,,,,,0.8769231,0.7895803,0.47692308,-0.28112492,,,,,,,,,0.86153847,0.6839215,1.0,3.5,0.9692308,1.6308247,0.23076923,-0.83128536,0.95384616,3.0067527,0.07692308,-1.7997136,0.93846154,1.9372653,0.47692308,-0.25409633,0.47692308,-0.25409633,0.30769232,-0.5103213,0.64615387,0.1952374,0.32307693,-0.28146255,0.5538462,0.6253319,0.6923077,0.221539,0.9230769,1.447781,0.8769231,0.9534126,0.74615383,0.83350974,0.65384614,0.5867513,0.8,0.9610913,0.75384617,0.5403093,0.53846157,0.16376328,0.50769234,0.1677575,0.9076923,1.4039466,0.8923077,0.90103775,0.9846154,1.418084,0.7692308,0.91908896,1.0,3.5,0.9692308,1.6308247,0.23076923,-0.83128536,0.8153846,-0.037832506,1.0,2.6338856,0.6230769,0.46834284,0.52307695,-0.31494623,0.9846154,2.4840705,0.9230769,1.2304821,0.7076923,0.5340886,0.5538462,0.13976881,0.2923077,-0.33226097,0.8923077,0.8921653,0.47692308,-0.24981715,0.26153848,-0.6662243,0.6666667,0.31624487,0.9846154,0.7907692,0.3,0.7507692665320176,0.6976923498557164
SR,2026-04-24,5400.0,5432.0,5389.0,5397.0,346033.0,589183.0,1.8724849e+06,,,,,,,,,,,,,1032.12,SR.ZCE.csv,,,0.0003707409,5376.0,5352.6,0.00840807,0.006318042,416.0,1,102.8171,1,77.578964,0.7355396,0.031301916,0.70661896,0.0,0.0,0.7372842,0.804,1.0,,0.16318788,0.0,,,,,0.036282644,0.0,,,,,0.22386104,0.7813996,,,,,1.162468,14.333333,5.1879907,1.0,0.55813956,-0.12909944,0.23511982,-1.0,0.52976036,0.0,0.0,0.11853199,0.11853199,47.02414,0.573524,1.0150422,0.5332102,0.30447742,0.20634921,0.23412699,1.8709345,7.142464,0.8730159,0.8730159,1.7983646,6.480167,0.8531746,0.8730159,14.333333,5.1879907,0.55813956,1.0222665e+09,0.88229895,0.0,2.4448847e-08,102.8171,0.35576922,0.074512556,77.578964,-2811.0,56534.0,0.0007959812,1.7026787,软商,0.0003707409,0.72307694,0.286407,0.44615385,-0.27956274,0.44615385,-0.27897373,0.5846154,0.07085466,0.21538462,-0.7420256,0.5538462,-0.12930977,0.43076923,-0.2310448,0.93846154,1.4536211,0.5692308,0.03144603,0.07692308,-1.0506101,0.5692308,0.03144607,0.42307693,-0.44785023,0.33846155,-0.7097582,0.47692308,-0.043550674,0.6769231,0.76224035,,,0.5692308,-0.031571396,0.046153847,-0.64408016,,,,,,,,,0.46153846,-0.17496626,0.015384615,-0.63819104,,,,,,,,,0.5538462,-0.00684701,0.046153847,-0.57840395,,,,,,,,,0.50769234,-0.37080622,0.8923077,-0.12403474,0.7076923,-0.20842533,0.9692308,1.4673929,0.66923076,-0.23262101,0.2923077,-0.6665558,0.72307694,0.60702974,0.47692308,-0.25409633,0.47692308,-0.25409633,0.93846154,1.6459333,0.5692308,0.019636255,0.10769231,-0.30291963,0.5692308,0.62778956,0.9846154,1.76238,0.2923077,-0.66555136,0.4,-0.4795826,0.24615385,-0.9563774,0.26153848,-0.8857005,0.6923077,0.41517088,0.83076924,0.8247802,0.76153845,0.85332495,0.74615383,0.8851066,0.64615387,0.011557583,0.73846155,0.10425485,0.7846154,0.94100654,0.84615386,1.0164897,0.8923077,-0.12403474,0.7076923,-0.20842533,0.9692308,1.4673929,0.7846154,-0.04782272,0.6923077,0.52900887,0.6230769,0.46834284,0.16923077,-0.42385697,0.43076923,-0.2310448,0.5538462,0.53149563,0.72307694,0.5354708,0.93846154,1.4536211,0.30769232,-0.32144824,0.6615385,-0.040510803,0.53846157,-0.24210288,0.75384617,0.47303203,1.0,0.24237564,0.63076925,0.74461544,0.6,0.8276923315341655,0.6753846515875596
LU,2026-04-24,4675.0,4889.0,4641.0,4821.0,69543.0,61534.0,332514.97,,,,,,,,,,,,,1032.12,LU.INE.csv,,,0.02968812,4536.0,4546.9,0.07635629,0.0315593,3609.0,1,96.14744,1,60.207787,0.5715946,0.20370603,0.21478383,0.0,0.0,1.4584254,0.696,2.0,,-0.38875076,0.97209865,,,,,-0.22503689,1.5496895,,,,,0.03748399,4.43926,,,,,0.7570135,1.6986301,2.0296283,0.0,0.13709678,-0.12909944,0.6031436,1.0,0.20628715,1.0,0.0,-0.17323357,0.17323357,439.4659,-1.412444,0.28058386,0.8240022,0.42249793,0.5277778,0.36507937,2.3995647,6.7611365,0.8611111,0.8174603,3.3856883,14.817551,0.86507934,0.8611111,1.6986301,2.0296283,0.13709678,-3.809272e+07,0.009158375,0.0,8.2979585e-07,96.14744,-0.29712254,-0.023137994,60.207787,2963.0,8165.0,0.0418861,0.8848339,能化,0.02968812,1.0,2.5106921,0.35384616,-0.29454342,0.35384616,-0.29347286,0.9846154,3.062343,0.9230769,1.3369007,0.83076924,-0.014079412,0.33846155,-0.4036422,0.61538464,0.29787824,0.46153846,-0.2966871,0.9846154,2.1773057,0.46153846,-0.29668707,0.42307693,-0.44785023,0.33846155,-0.7097582,0.5692308,0.13142358,0.5692308,0.4153868,,,0.23076923,-0.47491512,0.30769232,-0.42169592,,,,,,,,,0.2769231,-0.40463954,0.4923077,-0.33764577,,,,,,,,,0.4,-0.16770226,0.73846155,-0.07549425,,,,,,,,,0.21538462,-0.6225097,0.23076923,-0.12403474,0.046153847,-0.20842533,0.46153846,-0.06567555,0.66923076,-0.23262101,0.9692308,1.4113363,0.44615385,-0.46496755,0.97692305,3.5,0.47692308,-0.25409633,0.18461539,-0.88137555,0.7846154,0.82920414,0.7076923,-0.21989383,0.3846154,-0.6530271,0.8153846,0.4539895,0.43076923,-0.25660133,0.46153846,-0.43202955,0.50769234,0.050434142,0.41538462,-0.45185307,0.83076924,1.0776751,0.8153846,0.73453903,0.7307692,0.8102273,0.6615385,0.70576924,0.9230769,1.5290278,0.9076923,1.1053935,0.8384615,0.9831015,0.8,0.9747465,0.23076923,-0.12403474,0.046153847,-0.20842533,0.46153846,-0.06567555,0.36923078,-0.12835792,0.36923078,-0.39470124,0.6230769,0.46834284,0.9076923,1.0013931,0.33846155,-0.4036422,0.30769232,-0.7769726,0.33846155,-0.21238393,0.61538464,0.29787824,0.6923077,-0.07171737,0.32307693,-0.51988655,0.95384616,0.95442617,0.3846154,-0.47741723,1.0,0.9056657,0.77692306,0.41076925,0.7,0.6923077161495502,0.635538486792491
CF,2026-04-24,16225.0,16285.0,16145.0,16195.0,482495.0,815586.0,3.9116608e+06,,,,,,,,,,,,,1032.12,CF.ZCE.csv,,,-0.0055265427,16139.0,15905.0,0.016316295,0.010249457,110.0,1,170.26997,1,79.44188,1.3178295,0.045437805,2.4534883,0.0,1.0,3.7160378,0.948,2.0,,0.67565614,1.2763295,,,,,1.2846828,3.3807025,,,,,1.146573,4.4019685,,,,,2.7570252,4.6666665,6.1658235,0.0,0.071428575,-0.1779071,0.23939294,-1.0,0.5212141,0.0,0.0,-0.033708505,0.033708505,805.3574,0.7662912,0.13631599,0.82649314,-0.21138756,0.25,0.1388889,0.9527307,0.2521612,0.15476191,0.08730159,1.1392219,0.75469047,0.003968254,0.003968254,4.6666665,6.1658235,0.071428575,-6.7965254e+08,1.6747618,0.0,1.9897325e-08,170.26997,0.6226415,0.12638664,79.44188,-17501.0,64260.0,0.004046063,1.6903512,软商,-0.0055265427,0.33846155,-0.16101502,0.83076924,-0.087613955,0.8153846,-0.08907576,0.72307694,0.41902214,0.4,-0.41822544,0.50769234,-0.14035283,0.93846154,1.5144995,0.9692308,1.577565,0.9230769,1.1968892,0.23076923,-0.78594434,0.9230769,1.1968889,0.42307693,-0.44785023,0.8384615,1.3872547,0.8153846,0.6791999,0.9692308,1.2247117,,,0.7692308,0.38006783,0.44615385,-0.35209787,,,,,,,,,0.8923077,0.9222505,0.8,0.017459072,,,,,,,,,0.86153847,0.78951204,0.72307694,-0.08062137,,,,,,,,,0.84615386,0.6190844,0.7692308,-0.12403474,0.73846155,-0.20842533,0.3846154,-0.30478153,0.4923077,-0.26626548,0.30769232,-0.6424295,0.7076923,0.57870734,0.47692308,-0.25409633,0.47692308,-0.25409633,0.72307694,0.32720757,0.10769231,-1.2357272,0.83076924,-0.14248507,0.75384617,0.7521115,0.6615385,0.19698554,0.44615385,-0.25309825,0.21538462,-0.68743616,0.30769232,-0.8196499,0.15384616,-1.2012259,0.32307693,-0.73556525,0.18461539,-0.80580974,0.07692308,-1.7468972,0.092307694,-1.651235,0.2923077,-0.61857826,0.16923077,-0.5832504,0.015384615,-2.061776,0.015384615,-2.030761,0.7692308,-0.12403474,0.73846155,-0.20842533,0.3846154,-0.30478153,0.21538462,-0.17708495,0.93846154,1.3673686,0.6230769,0.46834284,0.12307692,-0.43191195,0.93846154,1.5144995,0.83076924,1.0663375,0.8769231,0.9327474,0.9692308,1.577565,0.06153846,-0.9568044,0.6923077,0.036060076,0.64615387,-0.14746168,0.73846155,0.45870584,0.4,0.4304563,0.84615386,0.77538466,0.3,0.5476923172290509,0.6312308115225571
HC,2026-04-24,3386.0,3402.0,3386.0,3392.0,358558.0,1.78552e+06,1.2171005e+06,,,,,,,,,,,,,1032.12,HC.SHF.csv,,,0.0020679235,3378.6,3339.0,0.020457268,0.0045339065,-758.0,1,149.75497,1,74.247055,1.5731052,0.022509059,3.2193158,1.0,1.0,2.415459,0.92,0.0,,1.0639755,0.5247103,,,,,0.77004665,0.39384976,,,,,0.7466341,1.5919118,,,,,1.6908495,2.6666667,2.6290476,0.0,0.625,-0.18283708,0.2314788,-1.0,0.5370424,0.0,0.0,-0.14626724,0.14626724,100.51266,0.6502712,-0.02879663,1.4692042,1.4735355,0.71031743,0.6547619,1.6366186,2.932007,0.8015873,0.6388889,1.2290921,1.7026569,0.25,0.21825397,2.6666667,2.6290476,0.625,-2.4178455e+09,2.231106,0.0,1.39012615e-08,149.75497,0.74485594,0.2955709,74.247055,85580.0,585109.0,0.00011621766,4.9797244,黑色,0.0020679235,0.7692308,0.41517085,0.2923077,-0.31518462,0.2923077,-0.3152099,0.8153846,0.6013326,0.03076923,-0.88897103,0.35384616,-0.17167759,0.8153846,0.9836128,0.8769231,1.2319418,0.9692308,1.7078191,0.015384615,-1.2152383,0.9692308,1.707819,0.9230769,2.1985373,0.8384615,1.3872547,0.6923077,0.36363363,0.9153846,1.1347866,,,0.83076924,0.69198465,0.18461539,-0.5240437,,,,,,,,,0.8,0.46993768,0.046153847,-0.56180817,,,,,,,,,0.8,0.44433942,0.18461539,-0.46696874,,,,,,,,,0.6769231,-0.04279042,0.56153846,-0.12403474,0.2769231,-0.20842533,0.9846154,1.71084,0.43076923,-0.26966384,0.2769231,-0.68711334,0.73846155,0.6311625,0.47692308,-0.25409633,0.47692308,-0.25409633,0.24615385,-0.6477899,0.7076923,0.43011007,0.24615385,-0.29160348,0.61538464,0.6772864,0.36923078,-0.097152,0.8,0.6507668,0.6769231,-0.00854294,0.61538464,0.62220347,0.63076925,0.50787,0.63076925,0.12151521,0.5538462,-0.17162429,0.63076925,0.5947392,0.4923077,0.12932803,0.33846155,-0.5326629,0.3846154,-0.46942028,0.21538462,-1.191811,0.16923077,-1.279384,0.56153846,-0.12403474,0.2769231,-0.20842533,0.9846154,1.71084,0.13846155,-0.3091022,0.9692308,1.9559345,0.6230769,0.46834284,0.06153846,-0.4425234,0.8153846,0.9836127,0.9846154,1.3112689,1.0,2.2284415,0.8769231,1.2319418,0.9846154,3.5,1.0,3.5,0.33846155,-0.26189733,1.0,3.5,0.6666667,0.7243124,0.8653846,0.96307695,0.0,0.7323077280704793,0.6217692192334395
RM,2026-04-24,2381.0,2404.0,2362.0,2371.0,653922.0,786891.0,1.55708e+06,,,,,,,,,,,,,1032.12,RM.ZCE.csv,,,-0.004199922,2370.8,2341.2,0.021982789,0.014001644,861.0,1,83.96929,1,54.535355,1.0760598,0.052265715,1.7281796,0.0,1.0,3.010818,0.888,2.0,,0.40695962,1.8680716,,,,,0.27273896,1.4315252,,,,,0.5776001,1.924265,,,,,1.3627965,4.2,2.222271,0.0,0.33333334,0.123333804,0.24440375,-1.0,0.5111925,0.0,0.0,-0.117184825,0.117184825,157.00998,1.1136678,0.057742693,2.4983914,7.9227586,0.97619045,0.984127,2.4895928,8.574934,0.95238096,0.9484127,2.3864143,9.22239,0.79761904,0.8214286,4.2,2.222271,0.33333334,2.2238454e+09,1.1145201,0.0,3.5899088e-08,83.96929,0.63036305,-0.1352951,54.535355,13568.0,101274.0,0.00050358434,1.2033408,农产品,-0.004199922,0.46153846,-0.060365416,0.18461539,-0.33315787,0.18461539,-0.333166,0.83076924,0.6684952,0.64615387,-0.109186985,0.64615387,-0.11325042,0.21538462,-0.7187881,0.46153846,-0.0795212,0.72307694,0.71299136,0.35384616,-0.6581056,0.72307694,0.71299136,0.42307693,-0.44785023,0.8384615,1.3872547,0.75384617,0.5080887,0.7846154,1.0320152,,,0.7076923,0.16423783,0.61538464,-0.21672672,,,,,,,,,0.64615387,0.0328548,0.3846154,-0.36056244,,,,,,,,,0.73846155,0.29845232,0.26153848,-0.42127436,,,,,,,,,0.5692308,-0.24644355,0.75384617,-0.12403474,0.13846155,-0.20842533,0.72307694,0.64884585,0.8769231,-0.05861191,0.32307693,-0.614138,0.6923077,0.54549545,0.47692308,-0.25409633,0.47692308,-0.25409633,0.4,-0.39587453,0.53846157,-0.0003013583,0.36923078,-0.27965078,0.8923077,0.9761463,0.5692308,0.05701225,0.9692308,2.0981455,0.9692308,2.5899935,0.96153843,1.4549981,1.0,1.599062,0.84615386,1.1905025,0.86153847,1.1637741,0.8923077,1.1406423,0.8769231,1.128493,0.8153846,0.5737289,0.84615386,0.43353626,0.7153846,0.74456275,0.73846155,0.83560276,0.75384617,-0.12403474,0.13846155,-0.20842533,0.72307694,0.64884585,0.8923077,0.043438237,0.8,0.7746795,0.6230769,0.46834284,0.26153848,-0.40359306,0.21538462,-0.7187881,0.84615386,1.0818124,0.15384616,-1.0713367,0.46153846,-0.0795212,0.83076924,0.3869587,0.83076924,0.4028986,0.46153846,-0.25061736,0.5846154,-0.107267976,0.54545456,0.65670586,0.8076923,0.71999997,0.3,0.6103496660636022,0.6093426500742252
RB,2026-04-24,3181.0,3196.0,3179.0,3191.0,525851.0,1.759257e+06,1.6775341e+06,,,,,,,,,,,,,1032.12,RB.SHF.csv,,,0.0031436682,3181.2,3146.9,0.018512607,0.0046925116,-300.0,1,118.94435,1,80.27414,1.3146693,0.024402328,2.4440079,1.0,1.0,1.9879826,0.892,0.0,,0.8990779,0.18042552,,,,,0.65046364,0.6852391,,,,,0.5945235,1.3102165,,,,,1.6303401,1.7,2.3485882,0.0,0.1764706,-0.18297665,0.21354283,-1.0,0.57291436,0.0,0.0,-0.22599193,0.22599193,77.754776,0.643583,-0.043355167,0.35674322,-0.26943427,0.055555556,0.24603175,1.1972674,2.6970825,0.53174603,0.72619045,0.89344376,0.9230657,0.19444445,0.21031746,1.7,2.3485882,0.1764706,-7.3381094e+09,1.6437325,0.0,1.00181134e-08,118.94435,0.7184466,0.16395888,80.27414,49224.0,322208.0,0.00018000795,3.3455427,黑色,0.0031436682,0.8,0.49678668,0.26153848,-0.31870508,0.26153848,-0.31866688,0.7692308,0.51571697,0.046153847,-0.8759079,0.3846154,-0.15514909,0.6769231,0.18629594,0.9846154,1.6329371,0.9076923,1.190564,0.03076923,-1.1797907,0.9076923,1.1905639,0.9230769,2.1985373,0.8384615,1.3872547,0.61538464,0.25991282,0.8,1.0448617,,,0.8153846,0.559531,0.13846155,-0.60280466,,,,,,,,,0.7846154,0.36483636,0.12307692,-0.50529647,,,,,,,,,0.75384617,0.31305826,0.12307692,-0.5056983,,,,,,,,,0.6615385,-0.08035428,0.24615385,-0.12403474,0.2,-0.20842533,0.53846157,0.07768934,0.41538462,-0.26976007,0.21538462,-0.7883813,0.8,0.75004303,0.47692308,-0.25409633,0.47692308,-0.25409633,0.06153846,-1.338375,0.93846154,1.610013,0.21538462,-0.2964182,0.6,0.6729729,0.33846155,-0.12308711,0.2,-0.9137226,0.18461539,-0.71082455,0.092307694,-1.4287087,0.2769231,-0.8462598,0.41538462,-0.42910036,0.52307695,-0.22721918,0.34615386,-0.3821398,0.5538462,0.41114366,0.16923077,-0.8535404,0.24615385,-0.5630322,0.12307692,-1.3882546,0.15384616,-1.3072128,0.24615385,-0.12403474,0.2,-0.20842533,0.53846157,0.07768934,0.046153847,-0.68280053,0.9230769,1.3345423,0.6230769,0.46834284,0.015384615,-0.4493955,0.6769231,0.18629594,0.93846154,1.2583418,0.9230769,1.2204936,0.9846154,1.6329371,0.95384616,1.9291139,0.9692308,2.5925324,0.35384616,-0.26003978,0.9692308,2.382268,0.7777778,0.80172026,0.7846154,0.9738462,0.0,0.7928205446096568,0.6068205328354469
JM,2026-04-24,1255.0,1275.5,1244.0,1258.5,604354.0,418830.0,4.576553e+06,,,,,,,,,,,,,1032.12,JM.DCE.csv,,,0.00079524517,1262.9,1185.75,0.026508927,0.034954943,-42.5,1,63.33286,1,56.38518,1.3045218,0.10790389,2.4135654,0.0,1.0,8.681103,0.896,2.0,,1.8159508,4.9268484,,,,,1.4215084,4.719542,,,,,1.1547979,3.4270086,,,,,1.7214761,9.0,4e+09,0.0,0.1904762,-0.1838127,0.0,-1.0,1.0,0.0,0.0,0.019369198,0.019369198,123.64301,0.62146544,0.21044576,1.4075419,2.8743153,0.9047619,0.88492066,0.86680627,0.83859843,0.44444445,0.53968257,0.9350885,1.7138202,0.2579365,0.42857143,9.0,4e+09,0.1904762,1.1976402e+09,1.0329721,0.0,4.253291e-08,63.33286,0.53758866,0.046013508,56.38518,-2438.0,59232.0,0.0005486899,0.693021,黑色,0.00079524517,0.75384617,0.3186138,0.10769231,-0.3529163,0.092307694,-0.35395914,0.8923077,0.8677629,0.93846154,1.6165736,0.41538462,-0.1458563,0.092307694,-1.2528174,0.52307695,0.04355187,0.8769231,1.1702541,0.6923077,0.38360584,0.8769231,1.1702539,0.42307693,-0.44785023,0.8384615,1.3872547,0.9692308,1.8838995,0.8153846,1.0577081,,,0.9230769,1.2960074,0.86153847,0.48302096,,,,,,,,,0.9076923,1.0425063,0.86153847,0.2771123,,,,,,,,,0.8923077,0.7966107,0.5538462,-0.21466605,,,,,,,,,0.6923077,-0.02377767,0.86153847,-0.12403474,0.95384616,0.68876976,0.5538462,0.12868546,0.4,-0.27033636,0.03076923,-1.9940616,0.9846154,2.165414,0.47692308,-0.25409633,0.47692308,-0.25409633,0.7846154,0.7869731,0.06153846,-1.4479449,0.2769231,-0.28670996,0.5846154,0.65870863,0.73846155,0.32904297,0.7076923,0.5640491,0.8153846,0.55586255,0.8769231,1.2312624,0.8923077,1.2703898,0.21538462,-0.8432498,0.33846155,-0.6670294,0.24615385,-0.6981889,0.41538462,-0.19091707,0.2,-0.81372833,0.4,-0.4680798,0.23076923,-1.1637475,0.30769232,-0.54192156,0.86153847,-0.12403474,0.95384616,0.68876976,0.5538462,0.12868546,0.84615386,-0.034502935,0.7692308,0.6884085,0.6230769,0.46834284,0.30769232,-0.39185297,0.092307694,-1.2528174,0.75384617,0.8958821,0.6615385,0.31721142,0.52307695,0.04355187,0.33846155,-0.3053156,0.6769231,-0.013771451,0.50769234,-0.2493039,0.23076923,-0.70033044,0.5555556,0.58832616,0.8538462,0.63076925,0.3,0.7025641423005324,0.6056410954548762
NI,2026-04-24,143560.0,146340.0,143380.0,144750.0,455968.0,175990.0,6.6069275e+06,,,,,,,,,,,,,1032.12,NI.SHF.csv,,,0.018505454,141982.0,141332.0,0.007096648,0.013638223,140310.0,1,167.42427,1,71.86621,1.2832674,0.06317564,2.349802,0.0,1.0,4.9483414,0.92,1.0,,0.049087018,0.17534426,,,,,-0.81883544,2.679016,,,,,-0.5046455,2.8191617,,,,,1.3606505,2.487395,4.4171185,0.0,0.47635135,-0.26001143,0.50589347,0.0,0.011786938,0.0,0.0,-0.11075587,0.11075587,7174.2783,-0.31332105,0.7324747,0.14672668,-0.70575494,0.043650795,0.12698413,0.7665967,0.5199478,0.36507937,0.50793654,1.4619948,1.9985719,0.53174603,0.5833333,2.487395,4.4171185,0.47635135,1.0153445e+11,0.17984363,0.0,7.728101e-08,167.42427,0.4978102,0.017422056,71.86621,22783.0,66130.0,0.015424165,0.38597006,有色,0.018505454,0.9692308,1.6622726,0.9692308,2.156687,0.9692308,2.1680725,0.46153846,0.013118022,0.63076925,-0.1391192,0.9846154,3.5,0.9230769,1.4408585,0.84615386,1.073539,0.86153847,1.1277137,0.4923077,-0.45383948,0.86153847,1.1277134,0.42307693,-0.44785023,0.8384615,1.3872547,0.8923077,0.9782,0.9153846,1.1347866,,,0.52307695,-0.12322271,0.12307692,-0.60396713,,,,,,,,,0.092307694,-0.92652804,0.72307694,-0.1186253,,,,,,,,,0.13846155,-0.6355945,0.44615385,-0.29823735,,,,,,,,,0.5538462,-0.24777578,0.50769234,-0.12403474,0.63076925,-0.20842533,0.8769231,1.169592,0.2923077,-0.32286224,0.7846154,0.8622543,0.06153846,-1.1095455,0.47692308,-0.25409633,0.47692308,-0.25409633,0.43076923,-0.34018612,0.50769234,-0.0954481,0.95384616,1.204937,0.4923077,0.055833746,0.95384616,1.2590041,0.10769231,-1.2090756,0.10769231,-0.88662785,0.06153846,-1.4659979,0.115384616,-1.2406666,0.15384616,-0.96883714,0.23076923,-0.742438,0.18461539,-0.98550624,0.3846154,-0.29339552,0.4923077,-0.31000966,0.41538462,-0.4338873,0.3846154,-0.19556071,0.46923077,0.0007394393,0.50769234,-0.12403474,0.63076925,-0.20842533,0.8769231,1.169592,1.0,3.5,0.41538462,-0.21413043,0.6230769,0.46834284,0.4923077,-0.33035806,0.9230769,1.4408585,0.72307694,0.8161617,0.44615385,0.09824437,0.84615386,1.073539,0.9230769,0.785516,0.72307694,0.054593284,0.84615386,0.18386444,0.092307694,-1.0571662,1.0,0.63193655,0.68846154,0.76,0.3,0.8092307930726271,0.6054615629269526
FU,2026-04-24,3969.0,4113.0,3962.0,4090.0,297527.0,147161.0,1.20421e+06,,,,,,,,,,,,,1032.12,FU.SHF.csv,,,0.017919421,3915.0,3989.6,0.028930783,0.026940482,0.0,1,109.345116,1,37.93659,0.42854485,0.19435337,-0.21436545,0.0,0.0,-1.388755,0.424,2.0,,-0.5712088,0.8039281,,,,,-0.08617677,1.5054169,,,,,0.28049967,4.1690836,,,,,0.52011585,1.2479339,1.8363187,0.0,0.105960265,-0.15862165,0.6018986,1.0,0.20379722,1.0,0.0,-0.102225244,0.102225244,400.39697,-1.7151544,0.10148997,1.1959786,2.247042,0.76984125,0.78968257,2.86381,9.832333,0.8611111,0.8611111,3.9511054,19.692896,0.8611111,0.8611111,1.2479339,1.8363187,0.105960265,-4.9035574e+08,0.50875044,-1.0,8.118699e-08,109.345116,-0.36396396,-0.07185908,37.93659,128182.0,38631.0,0.002976884,0.49461395,能化,0.017919421,0.95384616,1.6178108,0.32307693,-0.3056184,0.32307693,-0.30350187,0.9076923,0.9743875,0.8923077,0.9564847,0.46153846,-0.14432256,0.5846154,-0.062112927,0.12307692,-1.1838739,0.35384616,-0.5829987,0.9692308,2.0021963,0.35384616,-0.5829987,0.42307693,-0.44785023,0.33846155,-0.7097582,0.23076923,-0.5594027,0.36923078,-0.45816997,,,0.16923077,-0.6214742,0.26153848,-0.4601678,,,,,,,,,0.3846154,-0.2825956,0.44615385,-0.34623197,,,,,,,,,0.63076925,0.04203573,0.6615385,-0.112640105,,,,,,,,,0.12307692,-0.76957417,0.06153846,-0.12403474,0.03076923,-0.20842533,0.43076923,-0.17904742,0.52307695,-0.2529715,0.95384616,1.4043071,0.43076923,-0.47321922,0.97692305,3.5,0.47692308,-0.25409633,0.47692308,-0.2662928,0.46153846,-0.22169892,0.6615385,-0.22815934,0.30769232,-0.8482551,0.64615387,0.13494521,0.64615387,0.26652098,0.73846155,0.3031201,0.72307694,0.8086501,0.7846154,0.9548644,0.9230769,1.6594892,0.9076923,1.4613374,0.7307692,0.8102273,0.72307694,0.8466771,0.9846154,2.0695624,0.95384616,1.6908165,0.8153846,0.96906984,0.8,0.9747465,0.06153846,-0.12403474,0.03076923,-0.20842533,0.43076923,-0.17904742,0.26153848,-0.16270769,0.5846154,0.1338256,0.13846155,-1.5611428,0.50769234,-0.32344556,0.5846154,-0.062112927,0.26153848,-0.9109303,0.21538462,-0.5855133,0.12307692,-1.1838739,1.0,3.5,0.5846154,-0.21794395,0.61538464,-0.17859578,0.10769231,-0.93090695,0.95238096,0.93863875,0.63846153,0.44615385,0.7,0.6391209046657269,0.5992967073183793
M,2026-04-24,2991.0,3010.0,2965.0,2984.0,1.327417e+06,2.471408e+06,3.9646032e+06,,,,,,,,,,,,,1032.12,M.DCE.csv,,,-0.0033400059,2989.8,2983.2,0.008789778,0.007824245,1105.0,1,66.255936,1,47.588024,0.82563514,0.04415814,0.97690535,0.0,0.0,1.437944,0.708,1.0,,2.1535127,6.8317466,,,,,1.5384566,3.4375017,,,,,-0.82687193,12.406485,,,,,7.294972,6.428571,3.0266817,0.0,0.0,-0.17165211,0.28056616,-1.0,0.4388677,0.0,0.0,-0.051152296,0.051152296,77.67355,0.99489987,-0.004332319,1.7319874,3.294523,0.8333333,0.82539684,1.9492027,3.7745588,0.84126985,0.63492066,2.4506457,7.7820845,0.9166667,0.9126984,6.428571,3.0266817,0.0,8.6249043e+08,0.60663,0.0,1.622826e-08,66.255936,0.5127479,-0.004439887,47.588024,-746.0,308755.0,8.420916e-05,1.8618174,农产品,-0.0033400059,0.53846157,0.004875713,0.24615385,-0.32211855,0.23076923,-0.32161278,0.61538464,0.08765974,0.2769231,-0.6179714,0.72307694,-0.10444484,0.10769231,-1.1771741,0.30769232,-0.54174244,0.6,0.21177065,0.2,-0.8099035,0.6,0.21177056,0.42307693,-0.44785023,0.33846155,-0.7097582,0.5538462,0.12645409,0.5846154,0.45392615,,,0.95384616,1.5671536,0.9230769,0.9187991,,,,,,,,,0.9230769,1.1452918,0.8153846,0.028474648,,,,,,,,,0.10769231,-0.9136964,0.93846154,1.0198987,,,,,,,,,0.9846154,3.4362118,0.8153846,-0.12403474,0.43076923,-0.20842533,0.32307693,-0.5648618,0.50769234,-0.26195374,0.35384616,-0.40996212,0.6615385,0.30580944,0.47692308,-0.25409633,0.47692308,-0.25409633,0.6769231,0.1761073,0.2,-0.9775641,0.2,-0.29643536,0.84615386,0.8995489,0.43076923,-0.053570405,0.86153847,1.0203271,0.83076924,0.72517365,0.8153846,1.0075264,0.8153846,1.0731864,0.72307694,0.51326025,0.6615385,0.027765537,0.6769231,0.738398,0.47692308,0.11651827,0.83076924,0.6351337,0.7846154,0.26058686,0.9076923,1.1655136,0.9153846,1.1556334,0.8153846,-0.12403474,0.43076923,-0.20842533,0.32307693,-0.5648618,0.75384617,-0.05995785,0.61538464,0.23737407,0.6230769,0.46834284,0.092307694,-0.43840522,0.10769231,-1.177174,0.73846155,0.8460984,0.36923078,-0.06918486,0.30769232,-0.54174244,0.4923077,-0.23213506,0.95384616,2.4592025,0.30769232,-0.2628294,0.8153846,0.6579733,0.8181818,0.64891,0.6,0.76,0.3,0.872447561117319,0.5852447484823373
LC,2026-04-24,178000.0,179980.0,174500.0,177900.0,246726.0,455510.0,4.379939e+06,,,,,,,,,,,,,1032.12,LC.GFE.csv,,,-0.00033718348,177112.0,173824.0,0.0019148588,0.023420371,-63080.0,1,215.96558,1,69.177414,0.9819199,0.13828582,1.4457597,0.0,0.0,6.6642685,0.692,0.0,,-0.4696299,0.5333164,,,,,-0.46186075,0.63398784,,,,,-0.49280155,0.8146442,,,,,0.8015884,54.8,12.894471,1.0,-0.2591241,5.0807076,0.32529846,-1.0,0.34940308,0.0,0.0,0.050096497,0.050096497,11296.501,-0.17950036,0.6972525,0.4026636,-0.2501781,0.26587301,0.27380952,1.1621149,0.6060566,0.6547619,0.32142857,1.3887779,2.205111,0.5555556,0.5595238,54.8,12.894471,-0.2591241,-2.7895043e+09,0.9067193,0.0,1.428412e-07,215.96558,0.3990711,0.118266635,69.177414,14371.0,46761.0,0.0072710165,1.8462181,有色,-0.00033718348,0.6923077,0.23269735,0.9846154,2.7832,0.9846154,2.7527893,0.33846155,-0.21501541,0.84615386,0.6665605,0.015384615,-2.4207807,1.0,2.6970096,0.8153846,0.8946474,0.64615387,0.5245719,0.8,0.9524455,0.64615387,0.52457184,0.42307693,-0.44785023,0.33846155,-0.7097582,0.93846154,1.3945444,0.5538462,0.40254036,,,0.2,-0.53988117,0.2,-0.5220749,,,,,,,,,0.13846155,-0.6127837,0.06153846,-0.5152361,,,,,,,,,0.15384616,-0.6253724,0.06153846,-0.5738332,,,,,,,,,0.2769231,-0.59483784,0.95384616,-0.124034725,0.8769231,-0.20842533,0.10769231,-1.5083644,0.9692308,3.358641,0.4,-0.15739988,0.61538464,0.009321789,0.47692308,-0.25409633,0.47692308,-0.25409633,0.86153847,1.0531367,0.18461539,-0.99318963,0.9692308,2.077043,0.52307695,0.14213915,0.93846154,1.1962581,0.24615385,-0.84914327,0.2,-0.70306575,0.32307693,-0.7699308,0.33076924,-0.75423163,0.3846154,-0.4731552,0.2769231,-0.7220604,0.4923077,0.06320216,0.24615385,-0.89545655,0.41538462,-0.38000453,0.43076923,-0.40908644,0.43076923,-0.11137045,0.42307693,-0.08274677,0.95384616,-0.124034725,0.8769231,-0.20842533,0.10769231,-1.5083644,0.092307694,-0.33732998,0.7076923,0.5548436,0.6230769,0.46834284,0.75384617,-0.21433398,1.0,2.6970096,0.6,0.61827743,0.86153847,0.87056047,0.8153846,0.8946474,0.84615386,0.42168918,0.64615387,-0.1373691,0.7076923,-0.05355223,0.8,0.6398448,0.7777778,0.6375568,0.44615388,0.6969231,0.6,0.5466666984558106,0.577589774608612
J,2026-04-24,1827.5,1850.0,1821.5,1833.0,13008.0,27471.0,239014.2,,,,,,,,,,,,,1032.12,J.DCE.csv,,,-0.0013620257,1783.0,1730.4,0.08141589,0.017058894,-21.5,1,80.73668,1,59.708374,1.4258841,0.077721566,2.7776525,1.0,1.0,7.196117,0.932,0.0,,1.2599865,2.425936,,,,,0.5095748,0.6646399,,,,,1.170816,3.1811748,,,,,1.7711126,5.181818,2.8382845,1.0,0.3859649,0.42902726,0.05978238,-1.0,0.8804352,0.0,0.0,-0.18826258,0.18826258,155.878,0.6609664,0.59376156,2.777795,10.506454,0.97619045,0.9563492,2.5074317,8.84947,0.85714287,0.85714287,2.295716,8.1635065,0.5714286,0.8888889,5.181818,2.8382845,0.3859649,-6.5019796e+07,1.5098367,0.0,1.182603e-06,80.73668,0.5444015,0.042638168,59.708374,1055.0,10116.0,0.013641756,2.1118543,黑色,-0.0013620257,0.6615385,0.15494342,0.12307692,-0.34364077,0.12307692,-0.3441578,1.0,3.285097,0.7076923,0.14261493,0.44615385,-0.14509846,0.18461539,-0.8024416,0.6,0.2646512,0.95384616,1.4131587,0.6,-0.18149668,0.95384616,1.4131585,0.9230769,2.1985373,0.8384615,1.3872547,0.95384616,1.5235897,0.93846154,1.1733258,,,0.8923077,0.84943014,0.7846154,-0.08910566,,,,,,,,,0.72307694,0.24100938,0.092307694,-0.5092914,,,,,,,,,0.9076923,0.8104353,0.50769234,-0.24846512,,,,,,,,,0.72307694,0.0070363325,0.7846154,-0.12403474,0.35384616,-0.20842533,0.75384617,0.84048384,0.9076923,0.15211092,0.092307694,-1.6565253,0.9230769,1.7691739,0.47692308,-0.25409633,0.47692308,-0.25409633,0.13846155,-1.0115588,0.83076924,1.0516293,0.35384616,-0.27989027,0.64615387,0.6841841,0.9230769,1.0118955,0.9846154,2.4910798,1.0,3.5,0.96153843,1.4549981,0.95384616,1.5070337,0.8769231,1.2128592,0.8769231,1.2287431,0.7076923,0.7958615,0.7076923,0.8338674,0.8,0.48702204,0.8,0.30638734,0.44615385,-0.055243682,0.8769231,1.0721473,0.7846154,-0.12403474,0.35384616,-0.20842533,0.75384617,0.84048384,0.33846155,-0.13040306,0.8923077,1.1928916,0.6230769,0.46834284,0.95384616,1.6257678,0.18461539,-0.8024416,0.7846154,0.9095359,0.61538464,0.29136145,0.6,0.2646512,0.61538464,-0.15424013,0.35384616,-0.50055057,0.8,0.13196135,0.8923077,0.94855094,0.44444445,0.69284844,0.9692308,0.42769232,0.3,0.623589757497494,0.5714359251077358
PK,2026-04-24,8442.0,8454.0,8378.0,8422.0,77445.0,202067.0,325984.1,,,,,,,,,,,,,1032.12,PK.ZCE.csv,,,-0.0018962026,8403.2,8375.4,0.0083812475,0.004456328,-6114.0,1,92.803154,1,65.86699,1.1408554,0.032879904,1.9225663,0.0,1.0,2.1071265,0.908,2.0,,2.0827227,8.783084,,,,,2.1614392,10.749883,,,,,1.7269623,7.811878,,,,,2.2363796,3.8,4.0818377,0.0,-0.42105263,-0.12909944,0.103497356,-1.0,0.7930053,0.0,0.0,-0.15842174,0.15842174,316.03543,0.9885059,0.0136763,0.9444693,0.46525568,0.28968254,0.17857143,3.4492874,17.915152,0.97619045,0.97619045,1.3734143,3.0706203,0.84126985,0.97619045,3.8,4.0818377,-0.42105263,-7.3650355e+08,1.5158465,-1.0,1.4238643e-07,92.803154,0.4957507,0.2064926,65.86699,1903.0,34452.0,0.0020318124,2.6091678,农产品,-0.0018962026,0.64615387,0.11441587,0.64615387,-0.22557524,0.61538464,-0.22457628,0.5692308,0.069673784,0.015384615,-0.8953605,0.16923077,-0.36496723,0.30769232,-0.49018556,0.7076923,0.6743975,0.75384617,0.84267867,0.092307694,-1.0210655,0.75384617,0.8426786,0.42307693,-0.44785023,0.8384615,1.3872547,0.6615385,0.2888213,0.86153847,1.0962473,,,0.93846154,1.5102916,0.93846154,1.365201,,,,,,,,,0.95384616,1.6928302,0.9230769,1.4466306,,,,,,,,,0.95384616,1.2904251,0.8769231,0.38819823,,,,,,,,,0.8,0.29587105,0.7076923,-0.12403474,0.5538462,-0.20842533,0.015384615,-2.0979662,0.66923076,-0.23262101,0.13846155,-1.4097071,0.8769231,1.4794292,0.47692308,-0.25409633,0.47692308,-0.25409633,0.23076923,-0.7530737,0.73846155,0.6099933,0.5846154,-0.24600706,0.83076924,0.89542514,0.46153846,-0.021489205,0.50769234,-0.08718467,0.47692308,-0.41480148,0.33846155,-0.6953522,0.18461539,-1.069757,1.0,2.3932369,1.0,3.3741364,0.9846154,1.2268374,0.9692308,1.2181615,0.4,-0.39469197,0.4923077,-0.3051576,0.7692308,0.8989114,0.9846154,1.3782636,0.7076923,-0.12403474,0.5538462,-0.20842533,0.015384615,-2.0979662,0.2,-0.18140283,0.9076923,1.1992495,0.13846155,-1.5611428,0.73846155,-0.21513881,0.30769232,-0.49018553,0.6923077,0.8120342,0.95384616,1.5462372,0.7076923,0.6743975,0.6615385,-0.11756335,0.52307695,-0.2593612,0.5846154,-0.20611592,0.93846154,1.5264983,0.90909094,0.4639675,0.7153846,0.5784616,0.3,0.9208391770949731,0.5702377687417544
OI,2026-04-24,9640.0,9776.0,9638.0,9697.0,256870.0,233280.0,2.493598e+06,,,,,,,,,,,,,1032.12,OI.ZCE.csv,,,0.0050787926,9620.4,9535.5,0.025052905,0.0054659676,4042.0,1,127.95862,1,67.576614,0.6369084,0.05112362,0.41072515,0.0,0.0,0.69992524,0.624,0.0,,-1.1057525,1.6769698,,,,,0.17264381,2.1294878,,,,,0.18362463,1.3720797,,,,,0.7720853,2.4210527,2.3100708,0.0,0.557971,-0.12909944,0.41572273,-1.0,0.16855454,0.0,0.0,-0.08228425,0.08228425,199.41226,-1.2260125,-0.19061472,0.12998834,-0.48372576,0.11904762,0.18650794,0.931613,1.0182443,0.53174603,0.42857143,0.84739727,0.85135704,0.53571427,0.5595238,2.4210527,2.3100708,0.557971,1.5916333e+08,0.6586406,0.0,8.6619345e-08,127.95862,-0.064177364,-0.04787793,67.576614,15025.0,45344.0,0.0052267113,0.90816367,油脂,0.0050787926,0.84615386,0.64360297,0.72307694,-0.20386754,0.72307694,-0.20369945,0.86153847,0.8036601,0.10769231,-0.81220436,0.86153847,0.0015468773,0.73846155,0.419567,0.7846154,0.7881427,0.52307695,-0.16596262,0.32307693,-0.679489,0.52307695,-0.16596271,0.42307693,-0.44785023,0.33846155,-0.7097582,0.46153846,-0.05261527,0.4923077,0.18415128,,,0.13846155,-1.0508454,0.5846154,-0.26044452,,,,,,,,,0.5692308,-0.05511866,0.6769231,-0.22520028,,,,,,,,,0.53846157,-0.041573595,0.13846155,-0.49719286,,,,,,,,,0.23076923,-0.6131532,0.4923077,-0.12403474,0.16923077,-0.20842533,0.95384616,1.4667791,0.66923076,-0.23262101,0.5692308,0.35314295,0.36923078,-0.5900142,0.47692308,-0.25409633,0.47692308,-0.25409633,0.5846154,-0.09356147,0.33846155,-0.51682,0.47692308,-0.2706801,0.41538462,-0.5327912,0.13846155,-0.38542053,0.092307694,-1.2326152,0.15384616,-0.79716736,0.17692308,-1.2298324,0.20769231,-1.0434632,0.26153848,-0.7620309,0.36923078,-0.6245162,0.34615386,-0.3821398,0.33846155,-0.5495917,0.15384616,-0.89756054,0.21538462,-0.5716429,0.4,-0.18152907,0.42307693,-0.08274677,0.4923077,-0.12403474,0.16923077,-0.20842533,0.95384616,1.4667791,0.5538462,-0.11337615,0.6615385,0.29239696,0.6230769,0.46834284,0.53846157,-0.31383172,0.73846155,0.419567,0.41538462,-0.31012437,0.30769232,-0.40185422,0.7846154,0.7881427,0.86153847,0.4499753,0.63076925,-0.15141271,0.6923077,-0.11308164,0.4,-0.45030475,1.0,0.92425334,0.6769231,0.6769231,0.3,0.6553846392264733,0.5616923514329469
A,2026-04-24,4995.0,5027.0,4878.0,4892.0,495554.0,299110.0,2.452704e+06,,,,,,,,,,,,,1032.12,A.DCE.csv,,,-0.020620644,4930.2,4878.5,0.01725936,0.011728728,924.0,1,88.27221,1,63.425392,0.9912281,0.054432686,1.4736843,0.0,0.0,2.6738865,0.82,2.0,,1.1142234,2.3861063,,,,,0.82923526,1.4811357,,,,,1.0385127,2.4510841,,,,,1.3179351,1.446602,2.1644115,0.0,0.12080537,-0.3435131,0.20733686,-1.0,0.5853263,0.0,0.0,0.0067744856,0.0067744856,165.14047,0.68965673,0.30639985,1.1818862,0.84334016,0.67460316,0.44047618,1.26499,1.4120619,0.77380955,0.5436508,1.776553,3.651602,0.8214286,0.7936508,1.446602,2.1644115,0.12080537,8.829768e+08,1.2264061,-1.0,1.1587872e-07,88.27221,0.48945147,0.097989954,63.425392,-24439.0,69420.0,0.0011956209,0.6035871,农产品,-0.020620644,0.06153846,-1.3061919,0.4,-0.2875132,0.3846154,-0.28750548,0.75384617,0.4605415,0.53846157,-0.2963894,0.6769231,-0.110976845,0.24615385,-0.60743725,0.63076925,0.51195264,0.6615385,0.5432021,0.3846154,-0.6175335,0.6615385,0.54320204,0.42307693,-0.44785023,0.33846155,-0.7097582,0.73846155,0.42633727,0.7076923,0.813626,,,0.86153847,0.7323462,0.75384617,-0.09821739,,,,,,,,,0.8153846,0.5219585,0.4,-0.35094103,,,,,,,,,0.83076924,0.6962492,0.35384616,-0.34884337,,,,,,,,,0.53846157,-0.27429324,0.13846155,-0.12403474,0.092307694,-0.20842533,0.44615385,-0.124994576,0.21538462,-0.38042223,0.2,-0.8234207,0.8153846,0.79117656,0.47692308,-0.25409633,0.47692308,-0.25409633,0.75384617,0.6778762,0.015384615,-1.6343431,0.4,-0.27793068,0.6923077,0.70268744,0.83076924,0.49997902,0.63076925,0.24670233,0.5692308,-0.26246276,0.6,0.5103356,0.46153846,-0.20206219,0.44615385,-0.34422725,0.4,-0.53131926,0.5923077,0.4941783,0.43076923,-0.1781073,0.63076925,-0.009294159,0.5538462,-0.23539431,0.73846155,0.828753,0.6923077,0.73820204,0.13846155,-0.12403474,0.092307694,-0.20842533,0.44615385,-0.124994576,0.7692308,-0.058401894,0.83076924,0.8930456,0.13846155,-1.5611428,0.6615385,-0.2620504,0.24615385,-0.60743725,0.6615385,0.7994098,0.7846154,0.71527195,0.63076925,0.51195264,0.046153847,-1.2568793,0.73846155,0.08719983,0.5538462,-0.2304655,0.15384616,-0.804265,0.09090909,0.59912634,0.7307693,0.70615387,0.3,0.3991608430215946,0.5609930281765185
LH,2026-04-24,11480.0,11525.0,11355.0,11405.0,296933.0,203379.0,5.4258695e+06,,,,,,,,,,,,,1032.12,LH.DCE.csv,,,-0.0047993064,11333.0,10678.5,0.011081576,0.054953117,-22895.0,1,94.986336,1,72.51172,1.9035934,0.09233398,4.21078,0.0,1.0,12.959936,0.98,2.0,,4.0675063,19.566591,,,,,4.8682103,30.667904,,,,,5.816919,49.553753,,,,,5.113738,2.2666667,18.262928,0.0,-0.029411765,-0.12909944,0.2208982,-1.0,0.5582036,0.0,0.0,0.22119212,0.22119212,1669.7075,0.6702439,0.04782619,1.4183013,0.91983646,0.6468254,0.49603173,1.972445,3.528374,0.6984127,0.6825397,3.0030453,9.831212,0.984127,0.96031743,2.2666667,18.262928,-0.029411765,1.9888646e+08,2.32765,-1.0,5.177359e-08,94.986336,0.68163264,-0.39933398,72.51172,-5479.0,11172.0,0.011188686,0.6849323,农产品,-0.0047993064,0.36923078,-0.105840206,0.7692308,-0.1733248,0.7692308,-0.18313035,0.6615385,0.18855844,0.9846154,3.2636678,0.03076923,-0.97056717,0.32307693,-0.4336892,0.86153847,1.1164861,1.0,2.3692856,0.63076925,0.092090994,1.0,2.3692853,0.42307693,-0.44785023,0.8384615,1.3872547,1.0,2.922095,0.9846154,1.327483,,,0.9846154,3.1045656,0.9846154,3.5,,,,,,,,,1.0,3.5,1.0,3.5,,,,,,,,,1.0,3.5,1.0,3.5,,,,,,,,,0.95384616,2.0821164,0.44615385,-0.12403474,0.9076923,-0.20842533,0.2769231,-0.6719536,0.66923076,-0.23262101,0.24615385,-0.7468523,0.7692308,0.7012912,0.47692308,-0.25409633,0.47692308,-0.25409633,0.9692308,2.5351877,0.9076923,1.5389771,0.8769231,0.04037863,0.6615385,0.6901674,0.52307695,0.039346635,0.73846155,0.5791805,0.5846154,-0.2316407,0.5692308,0.42332718,0.4923077,-0.01800572,0.73846155,0.5423886,0.61538464,-0.030494094,0.5538462,0.22122675,0.52307695,0.27023593,0.8769231,1.1632239,0.8769231,0.5066425,0.9692308,1.4040524,0.9692308,1.3226061,0.44615385,-0.12403474,0.9076923,-0.20842533,0.2769231,-0.6719536,0.5846154,-0.110359155,0.9846154,2.0580702,0.13846155,-1.5611428,0.36923078,-0.37549946,0.32307693,-0.4336892,0.8923077,1.1845624,0.015384615,-3.0934732,0.86153847,1.1164861,0.23076923,-0.43684173,0.36923078,-0.49008474,0.73846155,0.060528856,0.21538462,-0.7097306,0.36363637,0.23634236,0.82307696,0.51692307,0.3,0.6120279874709937,0.5532028087606796
PG,2026-04-24,5520.0,5782.0,5505.0,5630.0,118506.0,66832.0,1.3372088e+06,,,,,,,,,,,,,1032.12,PG.DCE.csv,,,0.016245484,5491.6,5582.7,0.0372144,0.021079952,2988.0,1,49.31082,1,52.78975,0.22267683,0.17356756,-0.83196956,0.0,0.0,-4.813431,0.088,2.0,,-0.24666248,1.9273522,,,,,-0.2913026,1.908688,,,,,-0.06581322,4.545583,,,,,0.90977114,2.5181818,3.7351203,0.0,0.49458483,-0.22890006,0.56996197,1.0,0.13992393,0.0,1.0,-0.06265268,0.06265268,570.91907,-2.0928595,0.032367,2.4710884,7.76622,0.98015875,0.98015875,2.4909828,6.4612947,0.9166667,0.9126984,3.6272004,14.942378,0.88095236,0.72619045,2.5181818,3.7351203,0.49458483,-6.067308e+07,-1.3072134,0.0,4.7594298e-07,49.31082,-0.5358478,0.0060529774,52.78975,500.0,13798.0,0.014639803,0.5639546,能化,0.016245484,0.93846154,1.4908106,0.46153846,-0.2775011,0.46153846,-0.2748329,0.95384616,1.3390819,0.8153846,0.47379833,0.8153846,-0.03649033,0.06153846,-1.6156794,0.41538462,-0.19566019,0.13846155,-0.99504,0.8923077,1.6130244,0.13846155,-0.99504,0.42307693,-0.44785023,0.33846155,-0.7097582,0.07692308,-1.3903496,0.092307694,-1.5372696,,,0.33846155,-0.36078298,0.64615387,-0.20316526,,,,,,,,,0.2,-0.46288034,0.61538464,-0.26802197,,,,,,,,,0.33846155,-0.25685433,0.7846154,-0.060876213,,,,,,,,,0.3846154,-0.5276787,0.52307695,-0.12403474,0.50769234,-0.20842533,0.9076923,1.2359824,0.33846155,-0.3014163,0.9230769,1.2239903,0.33846155,-0.6848967,0.47692308,-0.25409633,0.97692305,3.5,0.63076925,0.0764896,0.26153848,-0.8073617,0.73846155,-0.19208333,0.16923077,-1.0918497,0.4923077,0.011807078,0.95384616,2.0597484,0.95384616,2.5269206,0.9846154,1.4674281,0.9846154,1.5859152,0.86153847,1.1922445,0.7692308,0.6635815,0.8,1.0113496,0.8,1.0132046,0.95384616,1.7599117,0.93846154,1.1203824,0.8769231,1.0392282,0.61538464,0.5016573,0.52307695,-0.12403474,0.50769234,-0.20842533,0.9076923,1.2359824,0.35384616,-0.13007292,0.046153847,-1.7873131,0.6230769,0.46834284,0.86153847,0.37516758,0.06153846,-1.6156794,0.15384616,-1.2554046,0.3846154,0.011174521,0.41538462,-0.19566019,0.5692308,-0.1782444,0.3846154,-0.46405897,0.8153846,0.16102412,0.13846155,-0.8503235,0.9047619,0.89746433,0.52307695,0.39384618,0.7,0.6782417854895959,0.5529011341058291
PS,2026-04-24,43800.0,43850.0,40655.0,40655.0,224572.0,65652.0,2.8263555e+06,,,,,,,,,,,,,1032.12,PS.GFE.csv,,,-0.07444507,43102.0,39835.0,0.021996021,0.06235299,-7515.0,1,81.7991,1,76.73658,1.026661,0.19200195,1.5799831,0.0,1.0,10.111995,0.908,2.0,,1.098241,1.5801156,,,,,1.1762565,2.7741413,,,,,0.76281625,2.7253768,,,,,0.7750811,1.0158982,1.7340311,0.0,0.015649453,-0.59259737,0.19390345,-1.0,0.6121931,0.0,0.0,0.048184272,0.048184272,11577.911,1.2424612,0.16153862,2.0732546,3.4172263,0.9285714,0.8730159,3.2385232,10.274888,0.9404762,0.93650794,0.78960735,-0.8271474,0.21825397,0.083333336,1.0158982,1.7340311,0.015649453,2.0727083e+10,-1.5367708,-1.0,8.6932425e-07,81.7991,0.560856,-0.23968722,76.73658,2997.0,22690.0,0.038563244,0.29234278,能化,-0.07444507,0.015384615,-3.5,0.9230769,0.39324778,0.9230769,0.34156165,0.84615386,0.66907775,1.0,3.5,0.12307692,-0.4155271,0.2,-0.7749482,0.9076923,1.3975754,0.6923077,0.61412054,0.95384616,1.9581708,0.6923077,0.6141205,0.42307693,-0.44785023,0.8384615,1.3872547,0.9846154,2.231084,0.86153847,1.0962473,,,0.84615386,0.71950835,0.5692308,-0.2826016,,,,,,,,,0.8769231,0.82695484,0.73846155,-0.100176804,,,,,,,,,0.8153846,0.45830563,0.4,-0.31113157,,,,,,,,,0.24615385,-0.61129344,0.015384615,-0.12403474,0.015384615,-0.20842533,0.33846155,-0.50788015,0.03076923,-0.5521228,0.16923077,-0.89926684,0.84615386,0.8802137,0.47692308,-0.25409633,0.47692308,-0.25409633,0.84615386,1.0365728,0.16923077,-1.02149,0.9846154,2.1365788,0.9076923,1.0592093,0.7076923,0.24191804,0.93846154,1.5002621,0.86153847,0.77461356,0.9076923,1.305841,0.8769231,1.230949,0.9692308,2.1290975,0.9230769,1.5660682,0.86923075,1.0975447,0.86153847,1.0900635,0.10769231,-0.9528073,0.015384615,-0.7731948,0.16923077,-1.3040645,0.046153847,-1.7524731,0.015384615,-0.12403474,0.015384615,-0.20842533,0.33846155,-0.50788015,0.9846154,1.448775,0.03076923,-2.0301657,0.13846155,-1.5611428,0.9230769,1.0713477,0.2,-0.7749482,0.8153846,0.94251245,0.06153846,-1.8708217,0.9076923,1.3975754,0.7076923,-0.07024684,0.4,-0.3759321,0.93846154,0.85766584,0.046153847,-1.1659741,0.04761905,0.060693577,0.8538462,0.5523077,0.3,0.3670329690552675,0.5485495078621002
IC,2026-04-24,8150.8,8193.8,8042.0,8132.8,97813.0,154408.0,1.5866423e+07,,,,,,,,,,,,,1032.12,IC.CFX.csv,,,-0.005405426,8168.92,8065.96,0.0041981936,0.010858865,3643.0117,1,120.11657,1,64.057175,1.1056442,0.06681644,1.8169329,0.0,1.0,4.046699,0.824,1.0,,0.36275724,1.5056548,,,,,-0.03400408,1.2730855,,,,,-0.13024233,1.9497014,,,,,0.81770426,8.433323,4.157425,0.0,-0.31488714,-0.015335363,0.59506816,1.0,0.19013631,1.0,0.0,-0.01607209,0.01607209,419.39386,-0.7163505,-0.15005527,0.6819373,0.3585959,0.4563492,0.45238096,0.6580195,-0.08564255,0.46825397,0.2857143,1.0183314,1.3492439,0.85714287,0.7619048,8.433323,4.157425,-0.31488714,3.3756675e+08,-0.18526538,0.0,2.1679536e-07,120.11657,0.65405697,-0.071077816,64.057175,-4830.0,2936.0,0.011580382,1.5786041,金融,-0.005405426,0.35384616,-0.151826,0.5692308,-0.22975342,0.5538462,-0.23014487,0.3846154,-0.11448933,0.47692308,-0.36803326,0.84615386,-0.012851983,0.6923077,0.21663058,0.6615385,0.55398655,0.73846155,0.77220404,0.53846157,-0.3856729,0.73846155,0.77220404,0.42307693,-0.44785023,0.8384615,1.3872547,0.83076924,0.75942993,0.72307694,0.8264724,,,0.6615385,0.12873234,0.5538462,-0.29963577,,,,,,,,,0.43076923,-0.23674116,0.30769232,-0.39129007,,,,,,,,,0.30769232,-0.31246075,0.2769231,-0.41777718,,,,,,,,,0.32307693,-0.58483326,0.84615386,-0.12403474,0.5846154,-0.20842533,0.046153847,-1.7114044,0.8153846,-0.15420035,0.93846154,1.3657418,0.41538462,-0.5184918,0.97692305,3.5,0.47692308,-0.25409633,0.73846155,0.47997633,0.046153847,-1.4967412,0.6923077,-0.2241403,0.46153846,-0.20409332,0.2,-0.3131665,0.35384616,-0.45639178,0.43076923,-0.45777705,0.46153846,-0.17330182,0.47692308,-0.16262147,0.10769231,-1.1049112,0.15384616,-0.885751,0.26153848,-0.6119937,0.1923077,-1.0107447,0.26153848,-0.7341487,0.32307693,-0.5118575,0.8,0.9550382,0.6615385,0.62688696,0.84615386,-0.12403474,0.5846154,-0.20842533,0.046153847,-1.7114044,0.63076925,-0.09982626,0.2923077,-0.60038537,0.6230769,0.46834284,0.8,-0.083454795,0.6923077,0.21663058,0.8769231,1.1292976,0.23076923,-0.57953006,0.6615385,0.55398655,0.24615385,-0.40877187,0.21538462,-0.5717101,0.75384617,0.07193489,0.6769231,0.32884014,0.5,0.9925254,0.5538462,0.34923077,0.7,0.5646153965363137,0.5373846475161038
P,2026-04-24,9742.0,9855.0,9711.0,9778.0,678358.0,470423.0,6.6417935e+06,,,,,,,,,,,,,1032.12,P.DCE.csv,,,-0.0003067255,9719.4,9588.1,0.030130625,0.0107491,5580.0,1,61.785484,1,51.278343,0.6231676,0.07001465,0.36950275,0.0,0.0,0.8623535,0.588,1.0,,-0.37361455,0.045174498,,,,,0.22555076,1.506043,,,,,0.27845374,1.8486229,,,,,1.852949,4.0,2.1454768,0.0,0.31944445,0.05676502,0.2199538,-1.0,0.5600924,0.0,0.0,-0.06367985,0.06367985,198.37941,-1.1357917,-0.18108843,0.41367066,0.18207397,0.40873015,0.33333334,0.7688,0.586929,0.53968257,0.48809522,0.8120615,0.9595764,0.5833333,0.5833333,4.0,2.1454768,0.31944445,3.134091e+09,0.32788345,0.0,2.907235e-08,61.785484,-0.26731753,0.021381877,51.278343,24.0,66042.0,0.0043305773,0.69347304,油脂,-0.0003067255,0.7076923,0.23500818,0.73846155,-0.20210196,0.73846155,-0.20275287,0.9230769,1.0272118,0.46153846,-0.3770738,0.9076923,0.057050884,0.07692308,-1.2928603,0.3846154,-0.29621738,0.50769234,-0.19346467,0.5692308,-0.325793,0.50769234,-0.19346468,0.42307693,-0.44785023,0.33846155,-0.7097582,0.4923077,-0.0132044535,0.44615385,0.06853341,,,0.24615385,-0.462757,0.092307694,-0.6337457,,,,,,,,,0.61538464,-0.008618836,0.46153846,-0.34611055,,,,,,,,,0.61538464,0.04026996,0.21538462,-0.4316742,,,,,,,,,0.73846155,0.057839867,0.73846155,-0.12403474,0.07692308,-0.20842533,0.7076923,0.5982747,0.86153847,-0.104499586,0.23076923,-0.7521844,0.7846154,0.70755076,0.47692308,-0.25409633,0.47692308,-0.25409633,0.61538464,0.06759209,0.2769231,-0.7921598,0.46153846,-0.2708986,0.43076923,-0.47460482,0.15384616,-0.36845008,0.26153848,-0.8336637,0.36923078,-0.52890176,0.43076923,-0.32245907,0.3846154,-0.5570282,0.16923077,-0.96607584,0.26153848,-0.72658694,0.36923078,-0.35340795,0.36923078,-0.3574447,0.13846155,-0.9313413,0.26153848,-0.55864805,0.46153846,-0.013148761,0.46923077,0.0007394393,0.73846155,-0.12403474,0.07692308,-0.20842533,0.7076923,0.5982747,0.9230769,0.112572186,0.46153846,-0.05751662,0.6230769,0.46834284,0.2,-0.41567457,0.07692308,-1.2928603,0.35384616,-0.71724004,0.47692308,0.12857059,0.3846154,-0.29621738,0.5538462,-0.19883184,0.7076923,0.05372113,0.6615385,-0.13917673,0.24615385,-0.6998051,0.6666667,0.9249116,0.6846154,0.6107693,0.3,0.49846157422432535,0.5284615868238303
I,2026-04-24,782.5,789.0,781.5,786.5,166469.0,580558.0,1.3089596e+06,,,,,,,,,,,,,1032.12,I.DCE.csv,,,0.0038290024,785.4,777.4,0.010276198,0.009723948,873.0,1,100.80245,1,57.578304,0.5191638,0.054793652,0.057491288,0.0,0.0,0.10500525,0.528,2.0,,-1.525708,5.5437365,,,,,-1.0899894,4.250414,,,,,-0.5879905,2.7815049,,,,,1.5386204,1.875,1.4e+09,0.0,0.2,-0.12909944,0.35882866,-1.0,0.28234267,0.0,0.0,0.03739525,0.03739525,8.588801,-1.4745927,0.4502626,1.2087005,1.0821631,0.99206346,0.9047619,0.9347182,0.68516797,0.9722222,0.88095236,0.68149346,0.12070134,0.515873,0.48015872,1.875,1.4e+09,0.2,6.40172e+08,0.33240005,0.0,4.3727443e-08,100.80245,-0.008333334,0.023866791,57.578304,16856.0,77508.0,0.00010321515,3.4874842,黑色,0.0038290024,0.8153846,0.5487824,0.03076923,-0.3614321,0.03076923,-0.3613077,0.64615387,0.15310088,0.35384616,-0.4615075,0.6615385,-0.112817355,0.4,-0.28317985,0.53846157,0.12293297,0.43076923,-0.40162647,0.4,-0.6107752,0.43076923,-0.4016265,0.42307693,-0.44785023,0.33846155,-0.7097582,0.43076923,-0.1969638,0.43076923,-0.12416295,,,0.046153847,-1.3881739,0.8923077,0.6241447,,,,,,,,,0.07692308,-1.1648449,0.84615386,0.18613005,,,,,,,,,0.12307692,-0.70752656,0.43076923,-0.30341467,,,,,,,,,0.64615387,-0.1372933,0.2769231,-0.12403474,0.93846154,0.10559296,0.5846154,0.16336282,0.66923076,-0.23262101,0.50769234,0.031914406,0.50769234,-0.21291788,0.47692308,-0.25409633,0.47692308,-0.25409633,0.83076924,0.943117,0.12307692,-1.1811644,0.015384615,-0.3110511,0.35384616,-0.69310886,0.9076923,0.7562613,0.6615385,0.28441218,0.6,-0.16623566,1.0,1.5047172,0.9076923,1.3361242,0.2769231,-0.7581394,0.30769232,-0.7033387,0.96153843,1.2124716,0.7692308,0.91072613,0.03076923,-1.0561634,0.06153846,-0.65937877,0.35384616,-0.2516875,0.32307693,-0.36103457,0.2769231,-0.12403474,0.93846154,0.10559296,0.5846154,0.16336282,0.73846155,-0.07684313,0.47692308,-0.05273843,0.6230769,0.46834284,0.32307693,-0.38973898,0.4,-0.28317982,0.43076923,-0.19820666,0.52307695,0.14760125,0.53846157,0.12293297,0.9076923,0.5291678,0.7846154,0.16735843,0.32307693,-0.26227596,0.9846154,2.5472238,0.8888889,0.578736,0.53846157,0.71076924,0.3,0.5517948996103726,0.5199487603811117
SC,2026-04-24,638.0,660.8,636.4,648.4,50186.0,41561.0,3.2501358e+06,,,,,,,,,,,,,1032.12,SC.INE.csv,,,0.010441065,629.54004,635.9,0.019176364,0.021633675,493.30078,1,105.356766,1,44.782063,0.3608701,0.1843147,-0.41738975,0.0,0.0,-2.564369,0.272,1.0,,-0.41042748,1.1184739,,,,,-0.099075966,1.6378319,,,,,0.1754965,4.9649525,,,,,0.7364275,2.346145,2.848271,0.0,0.4426231,-0.21606275,0.61120456,1.0,0.22240913,1.0,0.0,-0.18995482,0.18995482,64.180336,-1.8399245,0.05361619,0.26824325,-1.1089734,0.24603175,0.007936508,1.8526862,4.392166,0.56349206,0.4563492,2.7176218,9.815969,0.6825397,0.61904764,2.346145,2.848271,0.4426231,-3.798528e+07,0.4737091,-1.0,5.1344574e-07,105.356766,-0.38725597,-0.13470255,44.782063,-1182.0,7062.0,0.0017275576,0.8281393,能化,0.010441065,0.9076923,1.0504341,0.015384615,-0.36421174,0.015384615,-0.3638541,0.8,0.5449395,0.83076924,0.5194042,0.5692308,-0.1265201,0.50769234,-0.16532338,0.26153848,-0.7284293,0.23076923,-0.7184486,0.93846154,1.8142425,0.23076923,-0.7184485,0.42307693,-0.44785023,0.33846155,-0.7097582,0.15384616,-0.844648,0.23076923,-0.946334,,,0.21538462,-0.49232695,0.3846154,-0.38821006,,,,,,,,,0.35384616,-0.2939327,0.52307695,-0.32055154,,,,,,,,,0.52307695,-0.04858868,0.8153846,-0.003218165,,,,,,,,,0.18461539,-0.6352894,0.47692308,-0.12403474,0.36923078,-0.20842533,0.8,1.0467833,0.36923078,-0.2925672,1.0,1.4568493,0.47692308,-0.41153896,0.97692305,3.5,0.47692308,-0.25409633,0.12307692,-1.0262171,0.84615386,1.0766739,0.13846155,-0.29929003,0.24615385,-0.92872345,0.53846157,0.04966115,0.13846155,-1.0381829,0.03076923,-1.0490936,0.2923077,-0.8320796,0.015384615,-1.6350733,0.6769231,0.39230123,0.7076923,0.1739223,0.3846154,-0.26721284,0.35384616,-0.45992315,0.86153847,0.89036095,0.86153847,0.50481224,0.5692308,0.3376437,0.4923077,0.12596907,0.47692308,-0.12403474,0.36923078,-0.20842533,0.8,1.0467833,0.3846154,-0.12834977,0.53846157,0.09675479,0.13846155,-1.5611428,0.8769231,0.44153747,0.50769234,-0.16532338,0.21538462,-0.9576101,0.16923077,-1.0667988,0.26153848,-0.7284293,0.46153846,-0.25099245,0.30769232,-0.53081816,0.5692308,-0.2149757,0.36923078,-0.5433042,0.8095238,0.9011396,0.5153846,0.29384616,0.7,0.5718681625219492,0.5099560575852027
RU,2026-04-24,17170.0,17275.0,17030.0,17060.0,305088.0,193257.0,5.2336955e+06,,,,,,,,,,,,,1032.12,RU.SHF.csv,,,-0.0035046935,17109.0,16931.5,0.025856853,0.0103957495,-45.0,1,164.3496,1,58.44356,0.7242249,0.061821207,0.67267483,0.0,0.0,1.3861856,0.628,1.0,,-0.1589865,0.4608381,,,,,0.36418644,0.9899887,,,,,0.35575953,1.0785259,,,,,0.61965305,2.2272727,2.7278109,0.0,0.30612245,-0.4305614,0.19935095,-1.0,0.6012981,0.0,0.0,0.05921038,0.05921038,318.4903,0.7490129,0.28006116,0.84117645,2.1111944,0.63492066,0.8611111,1.0825845,1.4293643,0.9563492,0.9563492,0.9684627,1.323854,0.9126984,0.88095236,2.2272727,2.7278109,0.30612245,-7.988426e+09,-1.0774977,-1.0,5.478619e-08,164.3496,0.07537688,0.04593566,58.44356,-5980.0,33710.0,0.012755859,0.63344675,软商,-0.0035046935,0.52307695,-0.0076190005,0.86153847,-0.07031485,0.86153847,-0.07060316,0.8769231,0.83905464,0.41538462,-0.40617645,0.4,-0.14594653,0.8923077,1.3612921,0.5692308,0.18050045,0.5538462,0.008799873,0.47692308,-0.4791985,0.5538462,0.008799872,0.42307693,-0.44785023,0.33846155,-0.7097582,0.52307695,0.11389567,0.50769234,0.19699772,,,0.3846154,-0.2903574,0.16923077,-0.5386555,,,,,,,,,0.7076923,0.11322783,0.21538462,-0.4461936,,,,,,,,,0.6923077,0.10698978,0.10769231,-0.53755283,,,,,,,,,0.15384616,-0.7077821,0.43076923,-0.12403474,0.32307693,-0.20842533,0.6923077,0.5497677,0.12307692,-0.44042698,0.18461539,-0.86850977,0.83076924,0.8441074,0.47692308,-0.25409633,0.47692308,-0.25409633,0.8769231,1.1320822,0.21538462,-0.85830677,0.6,-0.24548768,0.73846155,0.74096817,0.8,0.45305833,0.46153846,-0.23244865,0.7076923,0.24838407,0.5538462,0.386038,0.86153847,1.1915083,0.36923078,-0.5728264,0.41538462,-0.52722466,0.9076923,1.1550081,0.9153846,1.1541125,0.23076923,-0.78182286,0.30769232,-0.5149063,0.8923077,1.1514817,0.86153847,1.0443184,0.43076923,-0.12403474,0.32307693,-0.20842533,0.6923077,0.5497677,0.03076923,-0.7321926,0.06153846,-1.544293,0.13846155,-1.5611428,0.41538462,-0.3701679,0.8923077,1.3612921,0.4923077,-0.030442024,0.64615387,0.31661522,0.5692308,0.18050045,0.2,-0.45851043,0.50769234,-0.26671502,0.7846154,0.10616435,0.18461539,-0.769564,0.6,0.6949804,0.6923077,0.52615386,0.3,0.5138461681512686,0.5069230947127709
IH,2026-04-24,2906.8,2934.2,2893.6,2929.0,33589.0,58743.0,2.9385965e+06,,,,,,,,,,,,,1032.12,IH.CFX.csv,,,0.0061143637,2918.52,2907.96,0.014196634,0.006142827,-2018.2031,1,105.2993,1,66.674484,1.0313638,0.03820645,1.5940917,0.0,1.0,2.0301528,0.856,1.0,,0.034569945,2.3933027,,,,,-0.06795207,1.2953563,,,,,0.07129732,1.9589208,,,,,0.9324088,1.8288263,4.2275743,0.0,-0.19704504,-0.5249856,0.5162759,0.0,0.032551765,0.0,0.0,-0.08170872,0.08170872,73.37056,0.6529021,-0.01774015,1.4804157,2.747099,0.86507934,0.78571427,0.9154024,0.06360102,0.6111111,0.3452381,0.7440327,0.42828193,0.23015873,0.41269842,1.8288263,4.2275743,-0.19704504,-3.607897e+07,-0.45851532,0.0,5.486234e-07,105.2993,0.44377857,-0.14567693,66.674484,-1937.0,3287.0,0.01247338,1.7488761,金融,0.0061143637,0.8923077,0.7221709,0.23076923,-0.32338977,0.21538462,-0.32296675,0.7076923,0.32570198,0.16923077,-0.7564567,0.26153848,-0.21715635,0.4923077,-0.16681045,0.7692308,0.72812194,0.7076923,0.6235331,0.12307692,-0.9213367,0.7076923,0.6235331,0.42307693,-0.44785023,0.8384615,1.3872547,0.64615387,0.2701448,0.75384617,0.92924386,,,0.47692308,-0.13488352,0.7692308,-0.09657109,,,,,,,,,0.41538462,-0.26657796,0.35384616,-0.38697094,,,,,,,,,0.41538462,-0.13851921,0.2923077,-0.4165096,,,,,,,,,0.4,-0.51362544,0.26153848,-0.12403474,0.6,-0.20842533,0.13846155,-1.2823269,0.046153847,-0.5055162,0.83076924,0.92087424,0.16923077,-1.0407305,0.47692308,-0.25409633,0.47692308,-0.25409633,0.6,-0.08857618,0.32307693,-0.52533764,0.15384616,-0.29734573,0.63076925,0.67898315,0.4,-0.0774556,0.8153846,0.6665339,0.7692308,0.5046043,0.84615386,1.1069646,0.7692308,0.9417174,0.24615385,-0.7823468,0.16923077,-0.8504325,0.41538462,-0.09482244,0.2769231,-0.8185977,0.07692308,-0.99637634,0.10769231,-0.622445,0.18461539,-1.2619693,0.2923077,-0.59757906,0.26153848,-0.12403474,0.6,-0.20842533,0.13846155,-1.2823269,0.4,-0.12820497,0.15384616,-0.88946104,0.6230769,0.46834284,0.8923077,0.5037926,0.4923077,-0.16681045,0.63076925,0.7078762,0.10769231,-1.1508459,0.7692308,0.72812194,0.3846154,-0.2836469,0.23076923,-0.56823146,0.7692308,0.09793868,0.7692308,0.5267198,1.0,0.8597434,0.7307693,0.3923077,0.3,0.7907692546110887,0.5060000180647923
IF,2026-04-24,4712.2,4733.0,4678.6,4713.6,60653.0,138176.0,8.556198e+06,,,,,,,,,,,,,1032.12,IF.CFX.csv,,,-0.0022859573,4717.44,4676.74,0.00998497,0.006655196,-1673.0049,1,100.21278,1,74.68895,1.2347541,0.04666536,2.2042623,0.0,1.0,3.4287562,0.908,2.0,,0.42735314,2.2798963,,,,,0.14422427,1.7929295,,,,,0.13019274,1.9649639,,,,,0.8157411,38.859783,9.529773,0.0,-0.26103348,1.3244194,0.34275013,-1.0,0.31449974,0.0,0.0,-0.09799239,0.09799239,206.39565,0.71194905,0.06740993,1.1078075,1.9003685,0.7222222,0.75793654,0.94198096,0.3191689,0.6666667,0.3690476,0.70533526,0.67622507,0.40873015,0.5119048,38.859783,9.529773,-0.26103348,3.6701264e+07,0.01952894,0.0,2.1382303e-07,100.21278,0.8910675,0.028717877,74.68895,-3549.0,-1120.0,-0.04160723,2.2781396,金融,-0.0022859573,0.63076925,0.0848455,0.36923078,-0.29130757,0.36923078,-0.2911363,0.63076925,0.14027926,0.23076923,-0.7142568,0.2923077,-0.20469868,0.36923078,-0.29843926,0.8923077,1.261342,0.84615386,1.0306152,0.26153848,-0.76296085,0.84615386,1.0306151,0.42307693,-0.44785023,0.8384615,1.3872547,0.8,0.6094952,0.86153847,1.0962473,,,0.72307694,0.18061888,0.7076923,-0.122514755,,,,,,,,,0.5538462,-0.08009655,0.5538462,-0.29047206,,,,,,,,,0.50769234,-0.08768871,0.30769232,-0.41567877,,,,,,,,,0.30769232,-0.58605194,0.9230769,-0.124034725,0.84615386,-0.20842533,0.092307694,-1.5153167,0.9230769,0.7693291,0.4923077,-0.0588663,0.52307695,-0.10634867,0.47692308,-0.25409633,0.47692308,-0.25409633,0.4923077,-0.22962731,0.44615385,-0.28434396,0.4923077,-0.26920268,0.7076923,0.71706444,0.5846154,0.074233815,0.5846154,0.14252311,0.6923077,0.16343759,0.66923076,0.65949285,0.72307694,0.8496893,0.2923077,-0.7490373,0.21538462,-0.7899524,0.52307695,0.10629981,0.2923077,-0.74173886,0.046153847,-1.0333709,0.15384616,-0.5926724,0.2923077,-0.63054323,0.33846155,-0.2497194,0.9230769,-0.124034725,0.84615386,-0.20842533,0.092307694,-1.5153167,0.44615385,-0.12267725,0.3846154,-0.38373005,0.6230769,0.46834284,0.7846154,-0.088715024,0.36923078,-0.29843926,1.0,1.6042933,0.5538462,0.18475318,0.8923077,1.261342,0.26153848,-0.35336742,0.15384616,-0.6119084,0.03076923,-1.4768687,0.9076923,1.1417975,0.75,0.98187864,0.74615383,0.37538463,0.3,0.7392307871121626,0.5003846227480815
C,2026-04-24,2422.0,2431.0,2413.0,2417.0,645447.0,1.481612e+06,1.5634335e+06,,,,,,,,,,,,,1032.12,C.DCE.csv,,,-0.003709793,2424.6,2401.0,0.0062447786,0.005986062,533.0,1,107.8253,1,65.30657,1.1812716,0.024481038,2.0438144,1.0,1.0,1.6678234,0.764,1.0,,0.40089566,1.231397,,,,,0.3191472,0.63431567,,,,,0.23877983,0.066005014,,,,,0.42157364,3.6,2.6961162,0.0,0.2777778,-0.28531834,0.2720394,-1.0,0.45592117,0.0,0.0,0.026355673,0.026355673,39.651707,0.009281103,0.2790058,0.60765743,-0.14277676,0.5555556,0.51984125,1.5397544,4.0214663,0.8730159,0.8730159,1.4255303,4.0517845,0.78571427,0.7222222,3.6,2.6961162,0.2777778,5.317907e+08,1.3906962,-1.0,1.3095577e-08,107.8253,0.54285717,-0.05572438,65.30657,-38309.0,339125.0,4.4231478e-05,2.2954822,农产品,-0.003709793,0.50769234,-0.023179736,0.2,-0.33219838,0.2,-0.33208987,0.43076923,-0.024386385,0.15384616,-0.76936823,0.5846154,-0.12508743,0.5692308,-0.101442635,0.6923077,0.6371117,0.7846154,0.9235708,0.046153847,-1.1783171,0.7846154,0.9235705,0.9230769,2.1985373,0.8384615,1.3872547,0.5846154,0.18223092,0.63076925,0.63377607,,,0.6769231,0.15936695,0.41538462,-0.36237693,,,,,,,,,0.6923077,0.07364292,0.07692308,-0.5151725,,,,,,,,,0.5846154,0.006028854,0.015384615,-0.6767616,,,,,,,,,0.046153847,-0.8307485,0.6769231,-0.12403474,0.30769232,-0.20842533,0.6615385,0.44656128,0.24615385,-0.34030697,0.33846155,-0.4581048,0.6769231,0.36232507,0.47692308,-0.25409633,0.47692308,-0.25409633,0.8,0.8474908,0.07692308,-1.3445472,0.07692308,-0.30447936,0.53846157,0.2638906,0.7846154,0.45117828,0.30769232,-0.5608539,0.24615385,-0.65979135,0.52307695,0.13744259,0.52307695,0.06087563,0.5692308,0.00012041534,0.6769231,0.086196184,0.76153845,0.85332495,0.74615383,0.8851066,0.43076923,-0.3448694,0.61538464,-0.1873411,0.66923076,0.7024676,0.6,0.487743,0.6769231,-0.12403474,0.30769232,-0.20842533,0.6615385,0.44656128,0.6769231,-0.08507478,0.8769231,1.0668508,0.13846155,-1.5611428,0.046153847,-0.4439492,0.5692308,-0.101442635,0.7692308,0.9064408,0.2769231,-0.46194607,0.6923077,0.6371117,0.015384615,-1.8567696,0.9846154,2.7601936,0.2923077,-0.26399353,0.9230769,1.161952,0.72727275,0.2620725,0.5307692,0.89692307,0.0,0.7071328980189104,0.49902100187998555
V,2026-04-24,5180.0,5228.0,5144.0,5153.0,1.010785e+06,927956.0,2.6239608e+06,,,,,,,,,,,,,1032.12,V.DCE.csv,,,-0.0069377422,5170.6,5104.0,0.011780858,0.014626319,-2694.0,1,40.080868,1,43.687126,0.37974444,0.10201264,-0.36076665,0.0,0.0,-1.2267587,0.364,1.0,,0.27015075,1.0020812,,,,,0.28506833,1.0713148,,,,,0.68899053,2.7546022,,,,,2.1460435,3.1111112,1.48e+10,0.0,0.4642857,-0.12909944,0.3319324,-1.0,0.3361352,0.0,0.0,-0.09475115,0.09475115,223.79057,-1.8608271,-0.09748058,0.73638487,0.7713719,0.43253967,0.5992063,0.5748428,-0.4957994,0.26587301,0.09126984,1.0116985,0.34045455,0.20634921,0.13492064,3.1111112,1.48e+10,0.4642857,-1.3558872e+09,0.27825463,-1.0,1.2307927e-08,40.080868,-0.27450982,-0.09619544,43.687126,2535.0,145440.0,0.00041254127,0.91805476,能化,-0.0069377422,0.26153848,-0.26808155,0.43076923,-0.28322586,0.43076923,-0.28344744,0.6769231,0.21934502,0.6769231,-0.057737358,0.2,-0.2415448,0.03076923,-1.8545321,0.24615385,-0.8012778,0.26153848,-0.6806719,0.6615385,0.27330422,0.26153848,-0.6806719,0.42307693,-0.44785023,0.33846155,-0.7097582,0.26153848,-0.52009666,0.32307693,-0.6508663,,,0.61538464,0.05434634,0.33846155,-0.41483688,,,,,,,,,0.6769231,0.04369106,0.24615385,-0.4304213,,,,,,,,,0.7846154,0.39458933,0.41538462,-0.30711347,,,,,,,,,0.7692308,0.239791,0.64615387,-0.12403474,0.9846154,3.1111965,0.84615386,1.1256596,0.66923076,-0.23262101,0.43076923,-0.119944125,0.5846154,-0.03464824,0.47692308,-0.25409633,0.47692308,-0.25409633,0.50769234,-0.20155129,0.41538462,-0.33231342,0.50769234,-0.26552257,0.23076923,-0.94220424,0.26153848,-0.21950807,0.41538462,-0.3798204,0.52307695,-0.2914604,0.44615385,-0.24788044,0.5923077,0.32381344,0.092307694,-1.2091521,0.07692308,-0.9828146,0.15384616,-1.344653,0.10769231,-1.6384252,0.24615385,-0.7404897,0.092307694,-0.63299114,0.14615385,-1.3461596,0.1,-1.571586,0.64615387,-0.12403474,0.9846154,3.1111965,0.84615386,1.1256596,0.18461539,-0.22844554,0.43076923,-0.11001979,0.13846155,-1.5611428,0.03076923,-0.44534314,0.03076923,-1.8545321,0.33846155,-0.73165417,0.2,-0.77189285,0.24615385,-0.8012778,0.6769231,-0.090228766,0.8769231,0.8406192,0.43076923,-0.25326848,0.41538462,-0.43880993,0.42857143,0.71906126,0.5,0.6876923,0.3,0.503296717772117,0.4966373571524253
SS,2026-04-24,14955.0,15230.0,14955.0,15185.0,376339.0,189099.0,2.846884e+06,,,,,,,,,,,,,1032.12,SS.SHF.csv,,,0.018785596,14936.0,14861.0,0.0066291094,0.00937362,-6910.0,1,194.38466,1,64.86552,1.3907984,0.04794685,2.6723952,0.0,1.0,4.271098,0.936,1.0,,0.22563548,0.0,,,,,-1.3230121,4.749482,,,,,-0.2699948,4.4595895,,,,,1.532692,1.1956521,3.1287687,0.0,0.16363636,-0.47493064,0.40649673,-1.0,0.18700653,0.0,0.0,-0.16397205,0.16397205,761.1744,-0.6143325,0.43157366,0.9204332,0.47385192,0.75396824,0.515873,0.9457126,-0.14518508,0.63492066,0.2857143,1.304255,1.12928,0.4563492,0.29761904,1.1956521,3.1287687,0.16363636,-2.4749655e+09,1.7702355,0.0,1.0596155e-07,194.38466,0.55196303,0.21895078,64.86552,23082.0,2618.0,0.038197096,0.50246984,黑色,0.018785596,0.9846154,1.6835268,0.8,-0.109068416,0.8,-0.107863285,0.44615385,-0.007465841,0.33846155,-0.4903613,0.15384616,-0.39369363,0.9692308,2.138539,0.6769231,0.60776734,0.93846154,1.3429353,0.2923077,-0.73896754,0.93846154,1.3429351,0.42307693,-0.44785023,0.8384615,1.3872547,0.84615386,0.81387705,0.95384616,1.1861722,,,0.6,0.018589532,0.046153847,-0.64408016,,,,,,,,,0.046153847,-1.3696481,0.8769231,0.28291884,,,,,,,,,0.23076923,-0.433076,0.75384617,-0.072699204,,,,,,,,,0.63076925,-0.14097361,0.046153847,-0.12403474,0.46153846,-0.20842533,0.4923077,0.030958315,0.07692308,-0.4710119,0.53846157,0.3010522,0.4,-0.5288639,0.47692308,-0.25409633,0.47692308,-0.25409633,0.2,-0.80115116,0.7692308,0.6921363,0.8,-0.15183252,0.47692308,-0.13829853,0.8923077,0.72296816,0.4923077,-0.120987326,0.4923077,-0.41133785,0.7076923,0.75893104,0.50769234,0.047728784,0.30769232,-0.7443606,0.12307692,-0.89984167,0.45384616,-0.008627127,0.1923077,-1.0107447,0.36923078,-0.46080774,0.2923077,-0.53827035,0.30769232,-0.46216294,0.22307692,-1.0010962,0.046153847,-0.12403474,0.46153846,-0.20842533,0.4923077,0.030958315,0.12307692,-0.31344053,0.95384616,1.4683719,0.6230769,0.46834284,0.61538464,-0.27960116,0.9692308,2.138539,0.8,0.92469,0.9692308,1.6416478,0.6769231,0.60776734,0.93846154,0.798448,0.18461539,-0.57486176,0.9230769,0.84700376,0.12307692,-0.9217773,1.0,0.24579152,0.7,0.3323077,0.3,0.8400000238418579,0.483692325592041
EC,2026-04-24,2206.0,2226.6,2162.0,2172.0,8979.0,16259.0,98194.69,,,,,,,,,,,,,1032.12,EC.INE.csv,,,-0.015412509,2160.14,2098.91,0.018618345,0.023457136,720.8976,1,100.940254,1,68.917015,0.6087947,0.23684025,0.32638404,0.0,0.0,2.576696,0.616,2.0,,4.1873116,21.14886,,,,,2.70852,13.295017,,,,,2.2466803,17.944918,,,,,7.7457485,1.9000028,2.8590276,0.0,0.16408795,-0.12909944,0.48440108,0.0,0.031197846,0.0,0.0,-0.11276688,0.11276688,637.36255,1.4850887,0.090505034,1.8111379,4.243149,0.8015873,0.85714287,2.7750351,9.2176285,0.96825397,0.9166667,3.2381327,14.896705,0.86507934,0.8611111,1.9000028,2.8590276,0.16408795,1.8961019e+08,0.9532562,-1.0,1.7360728e-06,100.940254,0.044330146,0.043089554,68.917015,-1128.0,-1410.0,-0.028155994,1.8107808,航运,-0.015412509,0.07692308,-0.9110551,0.16923077,-0.3369148,0.16923077,-0.3375262,0.7846154,0.5203722,0.8769231,0.6695885,0.63076925,-0.11830649,0.41538462,-0.2796138,0.8,0.8773225,0.4923077,-0.22223175,1.0,2.7976763,0.4923077,-0.2222318,0.42307693,-0.44785023,0.33846155,-0.7097582,0.7076923,0.40275538,0.47692308,0.15845837,,,1.0,3.200799,1.0,3.5,,,,,,,,,0.9692308,2.1736584,0.95384616,1.9402316,,,,,,,,,0.9692308,1.7389747,0.9692308,1.7813634,,,,,,,,,1.0,3.5,0.30769232,-0.12403474,0.3846154,-0.20842533,0.50769234,0.032602627,0.66923076,-0.23262101,0.6769231,0.74090654,0.15384616,-1.0452174,0.47692308,-0.25409633,0.47692308,-0.25409633,0.41538462,-0.35760573,0.52307695,-0.06568574,0.7846154,-0.17802641,0.9230769,1.2156879,0.63076925,0.115376264,0.8769231,1.1316391,0.9076923,1.1073962,0.7846154,0.90808827,0.84615386,1.1783615,0.9076923,1.5482323,0.8923077,1.3158678,0.93846154,1.1981057,0.8230769,1.0260146,0.8923077,1.3879658,0.9230769,1.1148981,0.8384615,0.9831015,0.8,0.9747465,0.30769232,-0.12403474,0.3846154,-0.20842533,0.50769234,0.032602627,0.5692308,-0.11106368,0.75384617,0.60407573,0.13846155,-1.5611428,0.9692308,2.605262,0.41538462,-0.2796138,0.46153846,-0.09266316,0.63076925,0.29481837,0.8,0.8773225,0.47692308,-0.24865691,0.13846155,-0.6147825,0.06153846,-1.0851737,0.7846154,0.59866166,1.0,,0.63076925,0.3369231,0.3,1.0000000238418578,0.4803077030181884
SP,2026-04-24,5090.0,5112.0,5054.0,5060.0,220065.0,236784.0,1.1191978e+06,,,,,,,,,,,,,1032.12,SP.SHF.csv,,,-0.005893886,5117.2,5048.6,0.0075666904,0.01116748,926.0,1,113.47186,1,35.333126,0.47018248,0.044348396,-0.0894526,0.0,0.0,-0.13223597,0.612,1.0,,0.07446358,0.8870362,,,,,0.016736273,0.92228943,,,,,0.35231474,0.7430909,,,,,3.751463,1.9333333,2.2165914,0.0,0.27586207,-0.4170655,0.34270197,-1.0,0.31459606,0.0,0.0,0.0962309,0.0962309,168.495,1.6105705,0.1475381,0.67938155,-0.20089222,0.36507937,0.18650794,1.1763738,1.2034518,0.515873,0.31349206,1.6862707,5.2579727,0.27380952,0.27380952,1.9333333,2.2165914,0.27586207,5.85831e+08,-0.8913102,0.0,6.156752e-08,113.47186,0.051612902,-0.22599918,35.333126,10672.0,155236.0,0.0002447886,1.075973,软商,-0.005893886,0.30769232,-0.18888506,0.41538462,-0.2841782,0.41538462,-0.28444442,0.52307695,0.0338121,0.4923077,-0.3426151,0.6923077,-0.11090467,0.61538464,0.04467897,0.10769231,-1.357088,0.4,-0.4996617,0.21538462,-0.8063413,0.4,-0.49966174,0.42307693,-0.44785023,0.33846155,-0.7097582,0.4,-0.25452688,0.46153846,0.14561193,,,0.5538462,-0.10283904,0.2769231,-0.44115537,,,,,,,,,0.44615385,-0.19214554,0.18461539,-0.45932314,,,,,,,,,0.6615385,0.10401671,0.03076923,-0.58367085,,,,,,,,,0.8769231,1.2364248,0.35384616,-0.12403474,0.12307692,-0.20842533,0.64615387,0.4395859,0.13846155,-0.43112388,0.47692308,-0.059138216,0.53846157,-0.10602946,0.47692308,-0.25409633,0.47692308,-0.25409633,0.9230769,1.4527587,0.43076923,-0.31041348,0.43076923,-0.277221,0.93846154,1.2966152,0.6769231,0.216977,0.33846155,-0.45998597,0.23076923,-0.6832074,0.3846154,-0.4591865,0.20769231,-1.0434632,0.4,-0.45528516,0.3846154,-0.58068687,0.2923077,-0.43960327,0.23076923,-0.9210761,0.6,-0.09560342,0.64615387,-0.04250411,0.24615385,-1.1076208,0.2,-1.0845826,0.35384616,-0.12403474,0.12307692,-0.20842533,0.64615387,0.4395859,0.72307694,-0.08097038,0.07692308,-1.3473221,0.6230769,0.46834284,0.46153846,-0.35816678,0.61538464,0.044678967,0.47692308,-0.078067705,0.092307694,-1.7659922,0.10769231,-1.357088,0.8,0.26170403,0.93846154,0.93770546,0.36923078,-0.25815338,0.52307695,-0.25528696,0.2,0.74384075,0.49230772,0.68923074,0.3,0.34153846630683315,0.47861539734326874
NR,2026-04-24,14260.0,14335.0,14105.0,14140.0,63480.0,71153.0,902738.75,,,,,,,,,,,,,1032.12,NR.INE.csv,,,-0.0028208494,14140.0,13979.0,0.033625722,0.011311987,4985.0,1,157.85837,1,54.80503,0.70873016,0.06777716,0.6261905,0.0,0.0,1.4147137,0.684,1.0,,-0.2060377,0.0,,,,,0.25503084,0.7540137,,,,,0.26499957,0.9142931,,,,,0.495576,1.9166666,2.7371795,0.0,0.17391305,-0.43717915,0.06973872,-1.0,0.86052257,0.0,0.0,0.030480724,0.030480724,342.9326,0.9579649,0.23134732,0.34977052,-0.2742084,0.3611111,0.26587301,1.0112711,1.9960043,0.78571427,0.8452381,0.7753444,1.6936287,0.5952381,0.73015875,1.9166666,2.7371795,0.17391305,1.1939514e+08,0.50537175,0.0,2.4468528e-07,157.85837,0.021782178,0.10369182,54.80503,-2689.0,5230.0,0.08795411,1.1208727,软商,-0.0028208494,0.6,0.044263683,0.7846154,-0.12326439,0.7846154,-0.1237355,0.93846154,1.1810869,0.50769234,-0.33071306,0.8923077,0.035578266,0.84615386,1.1933123,0.47692308,-0.061579045,0.53846157,-0.02221263,0.5538462,-0.36768547,0.53846157,-0.022212667,0.42307693,-0.44785023,0.33846155,-0.7097582,0.53846157,0.120817594,0.53846157,0.37684762,,,0.36923078,-0.3281512,0.046153847,-0.64408016,,,,,,,,,0.63076925,0.01729116,0.13846155,-0.49195835,,,,,,,,,0.6,0.028658157,0.07692308,-0.56013274,,,,,,,,,0.10769231,-0.78480834,0.32307693,-0.12403474,0.33846155,-0.20842533,0.52307695,0.068377,0.092307694,-0.44498876,0.12307692,-1.600311,0.8923077,1.703183,0.47692308,-0.25409633,0.47692308,-0.25409633,0.8153846,0.8832225,0.092307694,-1.2834975,0.63076925,-0.24031661,0.8153846,0.87572825,0.75384617,0.36627775,0.18461539,-0.92352843,0.16923077,-0.7127481,0.36923078,-0.47161633,0.30769232,-0.7805254,0.33846155,-0.6621996,0.44615385,-0.39312932,0.61538464,0.53727573,0.6923077,0.79543793,0.092307694,-0.9664426,0.36923078,-0.47050434,0.47692308,0.02894637,0.63076925,0.51557183,0.32307693,-0.12403474,0.33846155,-0.20842533,0.52307695,0.068377,0.52307695,-0.11639658,0.5692308,0.13025123,0.6230769,0.46834284,0.8153846,-0.03409705,0.84615386,1.1933122,0.44615385,-0.13785182,0.8153846,0.75893956,0.47692308,-0.061579045,0.32307693,-0.31617162,0.26153848,-0.54897475,0.9846154,2.29591,0.53846157,-0.20310728,0.8,0.6421517,0.73846155,0.32615387,0.3,0.627692326765794,0.4721538671713609
PP,2026-04-24,8325.0,8450.0,8310.0,8394.0,444213.0,410789.0,1.8603971e+06,,,,,,,,,,,,,1032.12,PP.DCE.csv,,,0.0053898096,8293.8,8523.3,-0.0041523576,0.019748732,-7233.0,1,86.84878,1,49.313324,0.08557947,0.12509389,-1.2432616,0.0,0.0,-5.184148,0.028,2.0,,-0.3307424,1.1429181,,,,,-0.3725902,2.0625546,,,,,-0.13854253,5.3771563,,,,,0.83574647,2.0289855,3.2e+10,0.0,0.29285714,-0.18227732,0.5596624,1.0,0.1193248,0.0,1.0,-0.22012407,0.22012407,765.24365,-2.213977,-0.047316268,-0.10709435,-0.86489064,0.07936508,0.13492064,0.45092085,-0.89430994,0.051587302,0.07539683,1.3478558,0.81835425,0.38492063,0.13492064,2.0289855,3.2e+10,0.29285714,-3.3181844e+09,-0.43602106,0.0,2.3672394e-08,86.84878,-0.6867863,0.117454365,49.313324,13471.0,36217.0,-0.000966397,0.9247568,能化,0.0053898096,0.86153847,0.66719955,0.61538464,-0.22752629,0.6615385,-0.22191471,0.26153848,-0.48213065,0.7692308,0.36415604,0.13846155,-0.40535018,0.23076923,-0.6442728,0.33846155,-0.42695445,0.06153846,-1.269438,0.7692308,0.70545363,0.06153846,-1.269438,0.42307693,-0.44785023,0.33846155,-0.7097582,0.046153847,-1.4802986,0.015384615,-1.7299659,,,0.26153848,-0.42832002,0.4,-0.382618,,,,,,,,,0.15384616,-0.5343239,0.64615387,-0.23818123,,,,,,,,,0.2923077,-0.31962433,0.83076924,0.05345466,,,,,,,,,0.33846155,-0.5736328,0.3846154,-0.12403474,1.0,3.5,0.6769231,0.50146705,0.44615385,-0.269278,0.9076923,1.1658381,0.30769232,-0.7531627,0.47692308,-0.25409633,0.97692305,3.5,0.07692308,-1.2875468,0.8923077,1.5231702,0.8153846,-0.15097162,0.12307692,-1.1699624,0.32307693,-0.13014355,0.046153847,-1.5660322,0.06153846,-0.9507472,0.12307692,-1.35413,0.13846155,-1.2143728,0.046153847,-1.364457,0.015384615,-1.0771221,0.015384615,-2.12041,0.06923077,-1.6896645,0.3846154,-0.4191257,0.18461539,-0.5756058,0.2769231,-0.7147334,0.1,-1.571586,0.3846154,-0.12403474,1.0,3.5,0.6769231,0.50146705,0.07692308,-0.37748373,0.18461539,-0.86566406,0.6230769,0.46834284,0.15384616,-0.4252311,0.23076923,-0.6442728,0.07692308,-1.5579023,0.84615386,0.86433977,0.33846155,-0.42695445,0.8153846,0.38276336,0.5538462,-0.24186863,0.2,-0.29342267,0.43076923,-0.4310212,0.71428573,0.8208646,0.13846155,0.4892308,0.7,0.5331868472466103,0.45162640216717354
TA,2026-04-24,6520.0,6584.0,6414.0,6436.0,720751.0,933910.0,2.3386175e+06,,,,,,,,,,,,,1032.12,TA.ZCE.csv,,,-0.015299857,6392.8,6424.8,0.007829666,0.019912278,-2222.0,1,91.85966,1,42.049004,0.3900071,0.1503163,-0.32997864,0.0,0.0,-1.6533724,0.18,2.0,,0.28833097,1.0052655,,,,,0.19106147,0.776356,,,,,0.35276225,2.8640711,,,,,0.39843103,2.0238094,4.232116,0.0,0.24705882,-0.12909944,0.46261942,0.0,0.07476115,0.0,0.0,-0.10454038,0.10454038,164.98364,-2.286068,-0.6083942,0.9820589,0.81328493,0.5595238,0.52380955,0.8363441,-0.107482545,0.37698412,0.07539683,1.1970624,1.0833597,0.50793654,0.31349206,2.0238094,4.232116,0.24705882,4.038573e+07,0.1618227,-1.0,2.5460157e-08,91.85966,-0.5050946,0.018532952,42.049004,7849.0,151073.0,0.00033096582,1.2957457,能化,-0.015299857,0.092307694,-0.9025082,0.50769234,-0.26142898,0.50769234,-0.25967872,0.5538462,0.045389865,0.7846154,0.37762612,0.23076923,-0.22451106,0.2923077,-0.51460135,0.21538462,-0.91026574,0.2923077,-0.66013134,0.8769231,1.1776918,0.2923077,-0.6601313,0.42307693,-0.44785023,0.33846155,-0.7097582,0.2,-0.6236082,0.2,-1.2418017,,,0.63076925,0.06894957,0.35384616,-0.41410843,,,,,,,,,0.6,-0.038931414,0.15384616,-0.48762533,,,,,,,,,0.6769231,0.10440294,0.46153846,-0.29206288,,,,,,,,,0.03076923,-0.8451153,0.36923078,-0.12403474,0.61538464,-0.20842533,0.61538464,0.33470976,0.66923076,-0.23262101,0.64615387,0.6179255,0.23076923,-0.9008476,0.47692308,-0.25409633,0.47692308,-0.25409633,0.44615385,-0.28634676,0.4923077,-0.1874356,0.3846154,-0.27796388,0.10769231,-1.2164562,0.06153846,-1.1296679,0.52307695,-0.034321196,0.53846157,-0.2745727,0.53846157,0.1498723,0.53846157,0.074022666,0.18461539,-0.8814264,0.13846155,-0.8909194,0.20769231,-0.9424087,0.06923077,-1.6896645,0.32307693,-0.56328315,0.2769231,-0.5437844,0.33846155,-0.27975076,0.26153848,-0.94543874,0.36923078,-0.12403474,0.61538464,-0.20842533,0.61538464,0.33470976,0.46153846,-0.12239741,0.4,-0.23319508,0.13846155,-1.5611428,0.18461539,-0.4220672,0.2923077,-0.51460135,0.16923077,-1.193772,0.46153846,0.10675215,0.21538462,-0.91026574,0.7692308,0.13960667,0.9076923,0.8964468,0.3846154,-0.25564393,0.6,0.00011941954,0.14285715,0.8788559,0.37692308,0.7,0.3,0.33802198781416964,0.4468791324037772
CU,2026-04-24,102820.0,103620.0,102250.0,102460.0,106012.0,210600.0,5.4498865e+06,,,,,,,,,,,,,1032.12,CU.SHF.csv,,,-0.0031134486,102528.0,102050.0,0.0016618967,0.006872269,48600.0,1,171.70552,1,81.00592,1.2236346,0.04274244,2.170904,1.0,1.0,3.0929909,0.812,0.0,,-1.2833083,3.3483593,,,,,0.06103985,3.7495203,,,,,0.1005905,3.4409652,,,,,1.1484225,3.8055556,7.7772875,0.0,0.43065694,-0.062101685,0.52283645,0.0,0.045672894,0.0,0.0,-0.042490005,0.042490005,4135.5635,0.7327935,0.40807602,1.3391367,1.3257433,0.6626984,0.5793651,3.0183053,12.672172,0.9722222,0.97619045,2.2669597,8.725106,0.8730159,0.86904764,3.8055556,7.7772875,0.43065694,5.3342493e+08,-0.17482851,0.0,1.3629398e-07,171.70552,0.7310513,0.09915455,81.00592,-6398.0,75639.0,0.002247518,1.9865676,有色,-0.0031134486,0.5538462,0.022064423,0.95384616,1.4530591,0.95384616,1.461165,0.32307693,-0.22615233,0.24615385,-0.69637823,0.9692308,1.6095752,0.95384616,1.5516486,1.0,1.681624,0.8153846,1.0083597,0.15384616,-0.83640957,0.8153846,1.0083597,0.9230769,2.1985373,0.8384615,1.3872547,0.7846154,0.52802676,0.6923077,0.78793305,,,0.092307694,-1.1934668,0.8153846,0.12191451,,,,,,,,,0.50769234,-0.1532072,0.83076924,0.08898724,,,,,,,,,0.4923077,-0.11323733,0.5692308,-0.2127472,,,,,,,,,0.4923077,-0.37952557,0.72307694,-0.12403474,0.7846154,-0.20842533,0.7846154,1.003213,0.8,-0.18643765,0.84615386,0.9579157,0.2,-0.99724674,0.47692308,-0.25409633,0.47692308,-0.25409633,0.7076923,0.25114113,0.13846155,-1.1057636,0.93846154,0.5620602,0.72307694,0.73050773,0.8769231,0.6811086,0.6923077,0.46784875,0.63076925,-0.068091735,0.5846154,0.47304624,0.5692308,0.25807905,0.95384616,1.8531098,0.9692308,2.1333854,0.96153843,1.2124716,0.9692308,1.2181615,0.7846154,0.45953113,0.83076924,0.37382326,0.86153847,1.011165,0.83076924,1.0025754,0.72307694,-0.12403474,0.7846154,-0.20842533,0.7846154,1.003213,0.7076923,-0.08495066,0.32307693,-0.5893441,0.6230769,0.46834284,0.72307694,-0.22592083,0.95384616,1.5516486,0.9692308,1.2836031,0.8,0.72419095,1.0,1.681624,0.16923077,-0.47658932,0.7692308,0.14883512,0.6,-0.19983464,0.86153847,0.8029504,0.5555556,0.85849625,0.50769234,0.8384616,0.0,0.37025644999284013,0.4408718492801373
CJ,2026-04-24,9090.0,9130.0,8970.0,9030.0,83363.0,111575.0,376932.1,,,,,,,,,,,,,1032.12,CJ.ZCE.csv,,,-0.006600678,9060.0,8982.0,0.013468027,0.012448088,-8400.0,1,113.85321,1,66.421074,0.9808399,0.05411317,1.4425197,0.0,0.0,2.601977,0.78,2.0,,-0.24681206,2.3720062,,,,,-0.117269024,1.8338766,,,,,-0.84973884,3.6647816,,,,,0.96741205,2.6666667,2.6523128,0.0,-0.125,-0.12909944,0.0,-1.0,1.0,0.0,0.0,-0.13968435,0.13968435,475.60733,1.0684428,0.27795842,1.1335989,2.2184267,0.4920635,0.6507937,1.983387,5.4788127,0.9206349,0.9285714,2.027745,5.391694,0.79761904,0.8015873,2.6666667,2.6523128,-0.125,2.4648102e+09,1.2184414,0.0,2.4915298e-07,113.85321,0.44694534,-0.11233833,66.421074,-2367.0,4368.0,0.027472528,1.3384235,农产品,-0.006600678,0.2923077,-0.24250877,0.6923077,-0.21386178,0.6923077,-0.21366008,0.6923077,0.2936243,0.5846154,-0.23714127,0.07692308,-0.44746536,0.63076925,0.054547478,0.73846155,0.711262,0.63076925,0.52241033,0.36923078,-0.62351584,0.63076925,0.5224102,0.42307693,-0.44785023,0.33846155,-0.7097582,0.72307694,0.4088895,0.64615387,0.68516165,,,0.32307693,-0.3609031,0.73846155,-0.10144303,,,,,,,,,0.33846155,-0.30992258,0.5846154,-0.2825308,,,,,,,,,0.092307694,-0.9334319,0.6,-0.18197528,,,,,,,,,0.41538462,-0.49189565,0.56153846,-0.12403474,0.2923077,-0.20842533,0.16923077,-1.0200021,0.66923076,-0.23262101,0.03076923,-1.9940616,0.9846154,2.165414,0.47692308,-0.25409633,0.47692308,-0.25409633,0.26153848,-0.59076816,0.6923077,0.33268523,0.72307694,-0.21224768,0.8769231,0.94697917,0.7692308,0.44931245,0.6,0.1787944,0.72307694,0.2915904,0.47692308,-0.06143384,0.61538464,0.49472317,0.75384617,0.5561016,0.73846155,0.43107715,0.8153846,1.0257154,0.84615386,1.0644438,0.6923077,0.2308436,0.6769231,-0.026447082,0.7153846,0.74456275,0.72307694,0.76603067,0.56153846,-0.12403474,0.2923077,-0.20842533,0.16923077,-1.0200021,0.9076923,0.061739728,0.8153846,0.8846196,0.6230769,0.46834284,0.83076924,-0.026190419,0.63076925,0.054547478,0.64615387,0.7142228,0.18461539,-0.89552283,0.73846155,0.711262,0.35384616,-0.3022448,0.24615385,-0.5575179,0.8769231,0.5347083,0.63076925,0.049716905,0.27272728,0.37252477,0.6692308,0.39384615,0.3,0.2928671407241088,0.4382098298026965
SA,2026-04-24,1254.0,1265.0,1245.0,1247.0,470164.0,890710.0,1.1800266e+06,,,,,,,,,,,,,1032.12,SA.ZCE.csv,,,-0.005582154,1252.2,1221.4,0.00726974,0.020477602,-996.0,1,103.03419,1,77.131294,1.2095238,0.061513998,2.1285715,1.0,1.0,4.3645644,0.904,1.0,,1.6357021,3.8017516,,,,,0.9306552,1.9032283,,,,,1.0700308,2.4915254,,,,,1.500497,2.857143,3.0611343,0.0,0.45,-0.12909944,0.0656677,-1.0,0.8686646,0.0,0.0,-0.12641005,0.12641005,77.449036,0.832071,0.029478952,1.6361264,3.4067464,0.7777778,0.78174603,1.9893634,6.622279,0.9325397,0.97619045,1.816428,5.9173746,0.7619048,0.84126985,2.857143,3.0611343,0.45,-1.7111542e+09,1.2720752,-1.0,2.922334e-08,103.03419,0.6526316,-0.05241596,77.131294,-8419.0,23824.0,0.0003777703,1.8944666,能化,-0.005582154,0.32307693,-0.1652342,0.092307694,-0.35310712,0.10769231,-0.35331762,0.4923077,0.020738564,0.8,0.42418745,0.32307693,-0.18026663,0.44615385,-0.22542703,0.9230769,1.4238366,0.8,0.9801172,0.46153846,-0.48495036,0.8,0.98011714,0.9230769,2.1985373,0.8384615,1.3872547,0.86153847,0.83655524,0.83076924,1.0834008,,,0.9076923,1.1512231,0.84615386,0.22563577,,,,,,,,,0.83076924,0.61109626,0.6,-0.26908082,,,,,,,,,0.84615386,0.7234513,0.36923078,-0.3432832,,,,,,,,,0.6,-0.16096003,0.63076925,-0.12403474,0.44615385,-0.20842533,0.8153846,1.0736434,0.66923076,-0.23262101,0.10769231,-1.6232964,0.9076923,1.7301658,0.47692308,-0.25409633,0.47692308,-0.25409633,0.33846155,-0.47578457,0.61538464,0.13622938,0.18461539,-0.29648286,0.7692308,0.7945351,0.47692308,0.006662208,0.84615386,0.8855148,0.84615386,0.770391,0.74615383,0.83350974,0.75384617,0.9285705,0.7692308,0.5635916,0.8,0.70167845,0.84615386,1.068813,0.9692308,1.2181615,0.6615385,0.028825976,0.6923077,0.036675725,0.63076925,0.61827755,0.75384617,0.9051747,0.63076925,-0.12403474,0.44615385,-0.20842533,0.8153846,1.0736434,0.15384616,-0.25542837,0.84615386,0.9413597,0.13846155,-1.5611428,0.21538462,-0.41540736,0.44615385,-0.22542703,0.86153847,1.126441,0.2923077,-0.4366086,0.9230769,1.4238366,0.12307692,-0.5639995,0.43076923,-0.36469322,0.41538462,-0.254281,0.83076924,0.69591624,0.47619048,0.07105622,0.6615385,0.5784615,0.0,0.6487912215636327,0.4368791309778507
SI,2026-04-24,8665.0,8700.0,8515.0,8615.0,310928.0,227920.0,1.3381304e+06,,,,,,,,,,,,,1032.12,SI.GFE.csv,,,-0.004621625,8658.0,8547.5,0.007602334,0.010082879,-16025.0,1,74.60319,1,45.142757,0.8626198,0.055596672,1.0878594,1.0,0.0,2.0160456,0.74,0.0,,0.21713711,0.0,,,,,0.5638261,1.2878222,,,,,-0.053816896,1.5870199,,,,,0.8040561,3.7,4.071111,0.0,-0.35135135,-0.00057623436,0.0,-1.0,1.0,0.0,0.0,0.15709287,0.15709287,319.92786,1.0096569,0.35736242,0.8441574,1.2994454,0.3888889,0.5436508,1.4803329,2.9460936,0.65873015,0.71428573,1.4279752,3.350801,0.17857143,0.6944444,3.7,4.071111,-0.35135135,4.9472397e+08,-0.3946787,-1.0,1.2602841e-07,74.60319,0.38536584,0.053874664,45.142757,-1603.0,152800.0,0.00042539267,0.73303145,有色,-0.004621625,0.4,-0.09235966,0.6769231,-0.22103111,0.6769231,-0.22147922,0.53846157,0.035381343,0.36923078,-0.43194517,0.046153847,-0.7226396,0.15384616,-0.961164,0.2923077,-0.7044315,0.61538464,0.28579485,0.43076923,-0.59574026,0.61538464,0.28579476,0.9230769,2.1985373,0.33846155,-0.7097582,0.63076925,0.26672187,0.61538464,0.55669755,,,0.5846154,0.011763232,0.046153847,-0.64408016,,,,,,,,,0.75384617,0.28869078,0.33846155,-0.38843206,,,,,,,,,0.35384616,-0.24650072,0.16923077,-0.4676413,,,,,,,,,0.2923077,-0.59330595,0.6923077,-0.12403474,0.53846157,-0.20842533,0.03076923,-1.8441751,0.84615386,-0.14402647,0.03076923,-1.9940616,0.9846154,2.165414,0.47692308,-0.25409633,0.47692308,-0.25409633,0.95384616,1.9799523,0.72307694,0.59032637,0.61538464,-0.24518356,0.86153847,0.90906614,0.86153847,0.5907656,0.47692308,-0.22825645,0.61538464,-0.07868776,0.41538462,-0.38460788,0.5538462,0.13975707,0.5538462,-0.07434945,0.5846154,-0.16829073,0.50769234,0.07756797,0.53846157,0.37271437,0.44615385,-0.34253213,0.52307695,-0.27151397,0.10769231,-1.4443815,0.5538462,0.39034224,0.6923077,-0.12403474,0.53846157,-0.20842533,0.03076923,-1.8441751,0.6615385,-0.08789003,0.21538462,-0.8219273,0.13846155,-1.5611428,0.6769231,-0.24408814,0.15384616,-0.961164,0.5846154,0.59081054,0.6769231,0.37741593,0.2923077,-0.7044315,0.41538462,-0.2692011,0.9230769,0.9135628,0.44615385,-0.25289425,0.30769232,-0.65383273,0.33333334,0.27733815,0.57692313,0.7338462,0.0,0.4338461717275473,0.43661541303304524
IM,2026-04-24,8208.0,8232.0,8115.6,8163.0,143941.0,209086.0,2.3506e+07,,,,,,,,,,,,,1032.12,IM.CFX.csv,,,-0.006837666,8206.84,8083.16,0.0038120747,0.010599416,2373.001,1,125.588326,1,69.56952,1.2265209,0.06319283,2.1795628,0.0,1.0,4.5910916,0.864,1.0,,-0.094096325,1.3513485,,,,,-0.22970298,1.0861429,,,,,-0.2837219,1.8703717,,,,,0.8012559,2.5866644,2.5236878,0.0,-0.20103025,-0.22985506,0.49444044,0.0,0.011119127,0.0,0.0,0.06826181,0.06826181,368.74966,-0.23840395,-0.070865355,0.99599814,1.4279392,0.71428573,0.70238096,0.47888437,-0.2891061,0.16666667,0.14285715,0.717322,0.84988385,0.53968257,0.52380955,2.5866644,2.5236878,-0.20103025,5.320346e+08,-0.17969902,0.0,1.1458955e-07,125.588326,0.7274082,-0.062124345,69.56952,-318.0,9968.0,0.0031099517,1.4525813,金融,-0.006837666,0.2769231,-0.26048887,0.5846154,-0.22907716,0.5692308,-0.22983535,0.35384616,-0.1314886,0.44615385,-0.38940206,0.7692308,-0.058684677,0.72307694,0.3582286,0.83076924,0.920735,0.83076924,1.0141366,0.50769234,-0.45351768,0.83076924,1.0141366,0.42307693,-0.44785023,0.8384615,1.3872547,0.8769231,0.8915187,0.7692308,0.95493674,,,0.43076923,-0.23823448,0.50769234,-0.334936,,,,,,,,,0.24615385,-0.40874058,0.26153848,-0.42754555,,,,,,,,,0.21538462,-0.44492334,0.24615385,-0.428684,,,,,,,,,0.26153848,-0.5950443,0.53846157,-0.12403474,0.23076923,-0.20842533,0.12307692,-1.2968377,0.32307693,-0.3020746,0.73846155,0.79758954,0.03076923,-1.1117587,0.47692308,-0.25409633,0.47692308,-0.25409633,0.8923077,1.2104869,0.2923077,-0.7243481,0.64615387,-0.23485471,0.50769234,0.10415027,0.30769232,-0.17209475,0.53846157,-0.01471797,0.6615385,-0.026914734,0.63846153,0.6346334,0.6769231,0.6656327,0.06153846,-1.3294117,0.10769231,-0.9339006,0.10769231,-1.7037996,0.14615385,-1.4718978,0.06153846,-1.0219116,0.2,-0.5718197,0.41538462,-0.16749722,0.4,-0.20797618,0.53846157,-0.12403474,0.23076923,-0.20842533,0.12307692,-1.2968377,0.6923077,-0.08505626,0.30769232,-0.5944966,0.6230769,0.46834284,0.63076925,-0.2643319,0.72307694,0.3582286,0.95384616,1.2763017,0.24615385,-0.5109601,0.83076924,0.920735,0.50769234,-0.21362366,0.33846155,-0.5020174,0.63076925,-0.1747209,0.64615387,0.18238412,0.25,0.97976,0.56153846,0.48615387,0.3,0.3223076982681568,0.43653848929588607
FG,2026-04-24,1085.0,1092.0,1078.0,1079.0,596713.0,1.254984e+06,1.294294e+06,,,,,,,,,,,,,1032.12,FG.ZCE.csv,,,-0.004612565,1083.8,1034.4,0.0009276867,0.041687135,298.0,1,66.59726,1,55.574173,1.3114285,0.07757857,2.4342856,1.0,1.0,6.294946,0.916,2.0,,3.5701458,16.29646,,,,,2.8544838,14.528642,,,,,2.3705363,11.043021,,,,,4.104666,2.3333333,2.0567832,0.0,0.42857143,-0.18409435,0.17853022,-1.0,0.64293957,0.0,0.0,-0.09142251,0.09142251,81.688736,0.67254686,0.06771325,1.4131067,2.7427907,0.7222222,0.75,2.112649,7.730676,1.0,1.0,1.1611995,1.6067317,0.24206349,0.29761904,2.3333333,2.0567832,0.42857143,-1.9857963e+08,1.3048238,-1.0,1.7450782e-08,66.59726,0.49758455,-0.23644023,55.574173,-9636.0,72547.0,1.3784167e-05,2.1031618,黑色,-0.004612565,0.41538462,-0.091672294,0.07692308,-0.3561104,0.06153846,-0.3566828,0.30769232,-0.25847664,0.95384616,2.171052,0.53846157,-0.1335682,0.12307692,-1.1683413,0.4923077,-0.010406318,0.8923077,1.1840777,0.5846154,-0.18417405,0.8923077,1.1840776,0.9230769,2.1985373,0.8384615,1.3872547,0.9076923,1.3049339,0.8923077,1.1219403,,,0.9692308,2.7050617,0.9692308,3.0840147,,,,,,,,,0.9846154,2.3019462,0.9692308,2.1794794,,,,,,,,,0.9846154,1.8458704,0.9230769,0.83243966,,,,,,,,,0.9230769,1.4556911,0.46153846,-0.12403474,0.06153846,-0.20842533,0.7692308,0.99561954,0.3846154,-0.27053052,0.15384616,-0.9860654,0.86153847,0.9821081,0.47692308,-0.25409633,0.47692308,-0.25409633,0.52307695,-0.17271823,0.4,-0.38157627,0.23076923,-0.29558593,0.6769231,0.6916527,0.6,0.07477416,0.72307694,0.57187504,0.75384617,0.50286835,0.66923076,0.65949285,0.7076923,0.8233954,0.7846154,0.7180988,0.84615386,0.96398056,1.0,1.3130327,1.0,1.2950205,0.30769232,-0.59756786,0.33846155,-0.48093876,0.2,-1.2198744,0.22307692,-1.0010962,0.46153846,-0.12403474,0.06153846,-0.20842533,0.7692308,0.99561954,0.30769232,-0.14054704,0.86153847,0.97600496,0.13846155,-1.5611428,0.10769231,-0.43624166,0.12307692,-1.1683413,0.7076923,0.8157094,0.07692308,-1.8459547,0.4923077,-0.010406318,0.092307694,-0.6166358,0.75384617,0.11819092,0.2769231,-0.26488015,0.8769231,0.938449,0.22222222,0.23519643,0.6,0.67538464,0.0,0.5210256479795163,0.4347179522376794
EG,2026-04-24,4819.0,4889.0,4781.0,4800.0,362307.0,273794.0,1.7487922e+06,,,,,,,,,,,,,1032.12,EG.DCE.csv,,,-0.008674085,4809.8,4885.7,-0.032258093,0.012551757,-876.0,1,110.93963,1,23.4439,0.22485779,0.17434077,-0.82542664,0.0,0.0,-4.79685,0.032,2.0,,-0.5075028,1.3010607,,,,,-0.51290005,1.8080623,,,,,-0.2314399,3.9015384,,,,,1.2542028,5.6842103,8.303942,0.0,0.4722222,-0.008751801,0.5540349,1.0,0.10806978,0.0,1.0,-0.17734535,0.17734535,276.45453,-2.6358757,-0.24308066,0.33938256,0.3695068,0.11904762,0.40079364,0.43799582,-0.7073902,0.06746032,0.06349207,1.2459451,0.57351065,0.10714286,0.035714287,5.6842103,8.303942,0.4722222,-5.8291174e+08,0.397219,0.0,3.3022427e-08,110.93963,-0.7505543,0.025013799,23.4439,5765.0,116009.0,-0.0013792033,0.7556961,能化,-0.008674085,0.18461539,-0.39981642,0.3846154,-0.28966042,0.4,-0.28737593,0.06153846,-1.7195137,0.6,-0.2286029,0.33846155,-0.17593603,0.6,-0.020850146,0.03076923,-2.1481044,0.15384616,-0.9906748,0.9076923,1.627501,0.15384616,-0.9906748,0.42307693,-0.44785023,0.33846155,-0.7097582,0.092307694,-1.3863267,0.03846154,-1.7171195,,,0.18461539,-0.5703025,0.46153846,-0.3464402,,,,,,,,,0.12307692,-0.657642,0.5692308,-0.28753722,,,,,,,,,0.24615385,-0.39980066,0.61538464,-0.1494242,,,,,,,,,0.52307695,-0.3138578,0.8,-0.12403474,0.8153846,-0.20842533,0.86153847,1.1545572,0.83076924,-0.1496621,0.8923077,1.1340647,0.2923077,-0.7904621,0.47692308,-0.25409633,0.97692305,3.5,0.16923077,-0.9169923,0.8,0.8900574,0.5538462,-0.25438088,0.06153846,-1.4420588,0.10769231,-0.47888526,0.16923077,-0.9381375,0.44615385,-0.45338082,0.17692308,-1.2298324,0.43076923,-0.3335311,0.03076923,-1.3806552,0.046153847,-1.0328876,0.03076923,-2.0629466,0.03076923,-1.728094,0.35384616,-0.5165516,0.13846155,-0.60500616,0.06153846,-1.6969519,0.03076923,-1.9194459,0.8,-0.12403474,0.8153846,-0.20842533,0.86153847,1.1545572,0.23076923,-0.1697374,0.50769234,0.015834624,0.6230769,0.46834284,0.24615385,-0.408684,0.6,-0.020850146,0.03076923,-1.6857005,0.53846157,0.15638557,0.03076923,-2.1481044,0.72307694,0.049471732,0.86153847,0.54893434,0.18461539,-0.30544344,0.32307693,-0.6274932,0.2857143,0.8686395,0.05,0.6123077,0.7,0.24527474485910855,0.4332197962632546
Y,2026-04-24,8600.0,8633.0,8492.0,8527.0,366933.0,706493.0,3.1456102e+06,,,,,,,,,,,,,1032.12,Y.DCE.csv,,,-0.01055932,8566.2,8511.5,0.007205248,0.0063058827,4981.0,1,117.207924,1,48.584602,0.37989372,0.041727196,-0.3603188,0.0,0.0,-0.5011698,0.304,1.0,,-1.4717475,3.790486,,,,,-0.7453679,2.8813345,,,,,-0.8833901,4.0521927,,,,,2.228029,1.9315069,3.805177,0.0,-0.014184397,-0.12909944,0.38359907,-1.0,0.23280185,0.0,0.0,-0.25303337,0.25303337,184.3594,-1.8059257,-0.5160649,0.685363,0.07400054,0.16666667,0.08730159,3.3305058,17.158377,0.8333333,0.8373016,3.5166926,22.150225,0.9325397,0.9404762,1.9315069,3.805177,-0.014184397,1.2291334e+09,0.4348186,0.0,5.8619847e-08,117.207924,-0.29220223,0.010311122,48.584602,-6245.0,91531.0,0.0006664409,1.9254005,油脂,-0.01055932,0.15384616,-0.5428477,0.6615385,-0.22266828,0.63076925,-0.22212707,0.47692308,0.01789923,0.2,-0.7430271,0.8769231,0.03543391,0.6615385,0.1413607,0.32307693,-0.4754379,0.2769231,-0.6803731,0.13846155,-0.8554179,0.2769231,-0.6803731,0.42307693,-0.44785023,0.33846155,-0.7097582,0.35384616,-0.34404323,0.26153848,-0.8435627,,,0.07692308,-1.3448304,0.83076924,0.2230586,,,,,,,,,0.10769231,-0.8619576,0.75384617,-0.07938786,,,,,,,,,0.07692308,-0.9624752,0.64615387,-0.12871113,,,,,,,,,0.7846154,0.29068705,0.33846155,-0.12403474,0.52307695,-0.20842533,0.2923077,-0.6165089,0.66923076,-0.23262101,0.52307695,0.17177016,0.4923077,-0.37709725,0.47692308,-0.25409633,0.47692308,-0.25409633,0.03076923,-1.5726112,0.9846154,2.0102186,0.44615385,-0.27386472,0.26153848,-0.9067965,0.07692308,-0.9651891,0.36923078,-0.4515741,0.32307693,-0.57244694,0.23076923,-1.080675,0.07692308,-1.3721355,0.9846154,2.2443743,0.9846154,3.1950455,0.6615385,0.70966613,0.6769231,0.7698184,0.93846154,1.6542671,0.9846154,1.9858882,0.9230769,1.2216405,0.93846154,1.2530342,0.33846155,-0.12403474,0.52307695,-0.20842533,0.2923077,-0.6165089,0.86153847,-0.032110997,0.52307695,0.055611864,0.6230769,0.46834284,0.44615385,-0.36338338,0.6615385,0.1413607,0.32307693,-0.7671117,0.4,0.043785434,0.32307693,-0.4754379,0.18461539,-0.46997193,0.8153846,0.30633765,0.52307695,-0.24587505,0.84615386,0.7318657,0.33333334,0.92906404,0.36923078,0.6676923,0.3,0.2307692486506242,0.4241538639710499
SH,2026-04-24,2102.0,2117.0,2055.0,2057.0,334949.0,209157.0,2.1007218e+06,,,,,,,,,,,,,1032.12,SH.ZCE.csv,,,-0.021873534,2092.0,2068.3,-0.008674681,0.019721277,-547.0,1,48.57647,1,29.09843,0.062677115,0.106313445,-1.3119687,0.0,0.0,-4.64933,0.196,1.0,,0.75211746,0.0,,,,,1.1328584,1.5964906,,,,,1.3789353,3.5871923,,,,,1.7476745,1.3777778,2.3037214,0.0,0.20967741,-0.27441198,0.6094047,1.0,0.21880937,0.0,1.0,-0.12775292,0.12775292,109.1084,2.7370164,-0.17877586,1.3079336,1.424216,0.90873015,0.7619048,0.86031157,0.25241083,0.5277778,0.18253969,1.4738357,2.5048442,0.73015875,0.63492066,1.3777778,2.3037214,0.20967741,2.3340078e+08,0.29929146,0.0,1.1502546e-07,48.57647,-0.41153845,-0.13624926,29.09843,7480.0,29606.0,-0.00060798484,0.6244443,能化,-0.021873534,0.046153847,-1.4012476,0.15384616,-0.33813003,0.15384616,-0.33807704,0.16923077,-0.6812305,0.75384617,0.36189476,0.36923078,-0.16406293,0.046153847,-1.634683,0.06153846,-1.771896,0.03076923,-1.3152766,0.6769231,0.35382798,0.03076923,-1.3152766,0.42307693,-0.44785023,0.33846155,-0.7097582,0.10769231,-1.3505331,0.21538462,-1.1904162,,,0.7846154,0.44148526,0.046153847,-0.64408016,,,,,,,,,0.86153847,0.78881234,0.50769234,-0.32856923,,,,,,,,,0.93846154,0.9900556,0.5846154,-0.19264282,,,,,,,,,0.7076923,-0.0075138826,0.092307694,-0.12403474,0.15384616,-0.20842533,0.6,0.19859946,0.26153848,-0.3327889,0.9846154,1.4466871,0.46153846,-0.42346865,0.47692308,-0.25409633,0.97692305,3.5,0.32307693,-0.4874166,0.63076925,0.15610337,0.26153848,-0.28978497,0.9846154,2.0230978,0.16923077,-0.36433038,0.6769231,0.42396677,0.64615387,-0.028414873,0.8923077,1.2436922,0.73846155,0.8628361,0.2,-0.8513892,0.2,-0.80575067,0.32307693,-0.3965056,0.16923077,-1.3437997,0.50769234,-0.2986898,0.44615385,-0.373095,0.6,0.506024,0.52307695,0.1816266,0.092307694,-0.12403474,0.15384616,-0.20842533,0.6,0.19859946,0.61538464,-0.10773775,0.44615385,-0.08776457,0.6230769,0.46834284,0.64615387,-0.26356044,0.046153847,-1.634683,0.2,-1.0062749,0.13846155,-1.0786443,0.06153846,-1.771896,0.75384617,0.12364707,0.47692308,-0.30738896,0.23076923,-0.28298584,0.16923077,-0.7800261,0.0952381,0.39156696,0.1923077,0.35230768,0.7,0.3709890150336119,0.41048351787833065
ZN,2026-04-24,24370.0,24370.0,24170.0,24225.0,89522.0,103942.0,1.0864392e+06,,,,,,,,,,,,,1032.12,ZN.SHF.csv,,,-0.004724741,24203.0,24002.0,0.008534551,0.005468176,90.0,1,164.80638,1,63.491306,1.0194445,0.034027535,1.5583333,1.0,1.0,1.7675415,0.836,0.0,,-1.1259698,2.1798146,,,,,-1.5925986,5.9219,,,,,-0.95068747,5.643626,,,,,1.521511,1.3793104,4.969581,0.0,-0.275,-0.47633815,0.47772533,0.0,0.044549346,0.0,0.0,-0.04665582,0.04665582,616.8072,-0.8201085,0.055942062,0.45732442,0.3156409,0.15079366,0.32936507,2.3994024,6.5987096,0.96031743,0.9563492,2.658982,8.700722,0.6269841,0.6269841,1.3793104,4.969581,-0.275,-3.660663e+08,-0.22717707,0.0,9.250577e-08,164.80638,0.41597795,0.011061627,63.491306,1826.0,42370.0,0.004838329,1.1610777,有色,-0.004724741,0.3846154,-0.10018299,0.8923077,0.0562005,0.8923077,0.056635525,0.6,0.07642311,0.12307692,-0.81202245,0.4923077,-0.1410746,0.9076923,1.3731128,0.64615387,0.51633805,0.6769231,0.59967667,0.10769231,-0.99957836,0.6769231,0.59967655,0.9230769,2.1985373,0.8384615,1.3872547,0.6,0.20642604,0.73846155,0.86501175,,,0.12307692,-1.067085,0.6923077,-0.14541015,,,,,,,,,0.03076923,-1.6065872,0.9076923,0.5102964,,,,,,,,,0.06153846,-1.020557,0.84615386,0.09009092,,,,,,,,,0.61538464,-0.1479147,0.10769231,-0.12403474,0.6923077,-0.20842533,0.07692308,-1.5661705,0.06153846,-0.47198212,0.6615385,0.7032147,0.18461539,-1.0009701,0.47692308,-0.25409633,0.47692308,-0.25409633,0.6923077,0.21505634,0.15384616,-1.0441107,0.7692308,-0.18237515,0.44615385,-0.27101028,0.5538462,0.053804543,0.2769231,-0.77227205,0.41538462,-0.4750846,0.2,-1.1303941,0.36923078,-0.5701751,0.8153846,1.0774716,0.7846154,0.6961007,0.9230769,1.1693739,0.9153846,1.1541125,0.84615386,0.83430177,0.8153846,0.3708952,0.4923077,0.14119992,0.50769234,0.15379773,0.10769231,-0.12403474,0.6923077,-0.20842533,0.07692308,-1.5661705,0.2769231,-0.1532678,0.26153848,-0.6447245,0.6230769,0.46834284,0.5538462,-0.30341431,0.9076923,1.3731128,0.61538464,0.65216064,0.41538462,0.049533162,0.64615387,0.51633805,0.64615387,-0.12089367,0.61538464,-0.18088745,0.6769231,-0.1243912,0.5538462,-0.15638348,0.22222222,0.40005723,0.6692308,0.62461543,0.0,0.1825641095179778,0.4064103215886996
PX,2026-04-24,9512.0,9572.0,9348.0,9404.0,253964.0,172033.0,1.2008609e+06,,,,,,,,,,,,,1032.12,PX.ZCE.csv,,,-0.012392342,9377.6,9405.2,-0.014462352,0.019307017,-1694.0,1,106.20369,1,56.38418,0.44854978,0.14482933,-0.15435068,0.0,0.0,-0.7451502,0.324,2.0,,-0.21252933,0.9529348,,,,,-0.07621658,1.2108941,,,,,0.07544831,3.2300608,,,,,0.55404145,2.074074,4.1274486,0.0,0.017857144,-0.26949936,0.5134463,0.0,0.026892543,0.0,0.0,-0.061760563,0.061760563,75.899284,2.7656994,-2.1672938,1.4677652,2.8544335,0.8968254,0.9166667,1.639747,3.5932693,0.8531746,0.88492066,2.128676,6.4575377,0.9484127,0.9484127,2.074074,4.1274486,0.017857144,1.1565686e+09,0.5037895,0.0,6.88045e-08,106.20369,-0.37568456,0.13462359,56.38418,738.0,88795.0,-0.0015541415,0.6773913,能化,-0.012392342,0.12307692,-0.6819175,0.7076923,-0.20819767,0.7076923,-0.2060443,0.13846155,-0.93603843,0.73846155,0.32777542,0.2769231,-0.20545636,0.53846157,-0.1434067,0.50769234,0.04348512,0.36923078,-0.54295915,0.86153847,1.0749595,0.36923078,-0.5429592,0.42307693,-0.44785023,0.33846155,-0.7097582,0.32307693,-0.40324146,0.2846154,-0.77933055,,,0.35384616,-0.3333656,0.2923077,-0.42607996,,,,,,,,,0.4,-0.27384165,0.2769231,-0.40335143,,,,,,,,,0.43076923,-0.13493665,0.52307695,-0.24174389,,,,,,,,,0.13846155,-0.74851334,0.4,-0.12403474,0.5692308,-0.20842533,0.35384616,-0.4998417,0.2769231,-0.3294025,0.8153846,0.90489805,0.13846155,-1.0594852,0.47692308,-0.25409633,0.47692308,-0.25409633,0.6615385,0.0842172,0.23076923,-0.82056475,0.16923077,-0.29681075,1.0,2.0415962,0.015384615,-3.5,0.7846154,0.6487431,0.8,0.5478518,0.86153847,1.2064028,0.9230769,1.3755649,0.64615387,0.12543587,0.64615387,-0.015136601,0.6923077,0.78149563,0.7846154,0.92353606,0.72307694,0.32733285,0.72307694,0.10153756,0.93846154,1.2777672,0.95384616,1.280863,0.4,-0.12403474,0.5692308,-0.20842533,0.35384616,-0.4998417,0.83076924,-0.03762236,0.5538462,0.12857732,0.6230769,0.46834284,0.47692308,-0.34535927,0.53846157,-0.1434067,0.23076923,-0.9344197,0.9076923,0.9958298,0.50769234,0.04348512,0.6,-0.16795067,0.8,0.27922168,0.15384616,-0.31053758,0.2,-0.7184943,0.23809524,0.89144087,0.21153846,0.7123077,0.3,0.28439561078181635,0.3955934106799272
BU,2026-04-24,4118.0,4250.0,4106.0,4169.0,690323.0,219224.0,2.8946832e+06,,,,,,,,,,,,,1032.12,BU.SHF.csv,,,0.014602065,4085.2,4079.5,0.017077327,0.010597523,2753.0,1,90.35921,1,50.841877,0.42335168,0.12306649,-0.22994499,0.0,0.0,-0.94328415,0.376,1.0,,-0.13835683,2.1415763,,,,,-0.28839213,2.1723847,,,,,0.018282412,4.4884977,,,,,1.1471823,2.8235295,2.5122437,0.0,0.47916666,-0.12909944,0.5108051,0.0,0.02161014,0.0,0.0,-0.28323784,0.28323784,272.63095,-1.7169341,0.185262,-0.04231117,-1.3178153,0.051587302,0.051587302,0.6969673,-0.8394196,0.25396827,0.027777778,1.6486712,1.6807356,0.63095236,0.30952382,2.8235295,2.5122437,0.47916666,1.352718e+08,-0.32437786,0.0,4.7125916e-08,90.35921,-0.3233492,0.02360005,50.841877,9324.0,2809.0,0.024919901,0.3175673,能化,0.014602065,0.9230769,1.3661257,0.33846155,-0.30258304,0.33846155,-0.30188406,0.73846155,0.45252734,0.43076923,-0.38955793,0.8,-0.04497111,0.26153848,-0.55342996,0.35384616,-0.32525644,0.33846155,-0.5933927,0.75384617,0.66749465,0.33846155,-0.5933928,0.42307693,-0.44785023,0.33846155,-0.7097582,0.2769231,-0.45131573,0.33846155,-0.6123271,,,0.4,-0.27378666,0.6769231,-0.15415782,,,,,,,,,0.21538462,-0.46032238,0.6923077,-0.21688089,,,,,,,,,0.36923078,-0.18427444,0.7692308,-0.068724684,,,,,,,,,0.47692308,-0.38029543,0.6,-0.12403474,0.21538462,-0.20842533,0.8923077,1.179843,0.66923076,-0.23262101,0.8,0.8899856,0.12307692,-1.0769912,0.47692308,-0.25409633,0.47692308,-0.25409633,0.015384615,-1.834246,1.0,2.4572363,0.53846157,-0.25518978,0.2923077,-0.84940284,0.72307694,0.2841797,0.06153846,-1.4749255,0.015384615,-1.1332407,0.07692308,-1.4411384,0.06153846,-1.4904575,0.12307692,-1.0561,0.03076923,-1.0641322,0.13846155,-1.3877505,0.015384615,-1.8433821,0.5692308,-0.13154835,0.35384616,-0.47205254,0.50769234,0.15523155,0.24615385,-0.9593531,0.6,-0.12403474,0.21538462,-0.20842533,0.8923077,1.179843,0.53846157,-0.11519074,0.23076923,-0.74755484,0.6230769,0.46834284,0.33846155,-0.38372457,0.26153848,-0.55342996,0.2923077,-0.82953376,0.50769234,0.1455584,0.35384616,-0.32525644,0.7846154,0.20340179,0.2,-0.5729688,0.86153847,0.46037674,0.07692308,-1.1366597,0.85714287,0.91961664,0.53846157,0.24615386,0.3,0.6742857432365418,0.3928132174015045
L,2026-04-24,8119.0,8208.0,8093.0,8120.0,484499.0,352607.0,1.973048e+06,,,,,,,,,,,,,1032.12,L.DCE.csv,,,-0.0030693412,8056.6,8126.0,-0.0011071563,0.014232999,-7769.0,1,98.462,1,40.767742,0.20640811,0.11772504,-0.8807757,0.0,0.0,-3.4563117,0.08,2.0,,-0.13325872,1.7546053,,,,,-0.15376233,2.4039233,,,,,0.09116266,5.8761387,,,,,0.743056,115.0,28.068186,1.0,0.53913045,5.524494,0.53349173,0.0,0.06698346,0.0,0.0,-0.21267802,0.21267802,598.4265,-2.0780447,-0.09941656,0.30655214,-0.5841667,0.23412699,0.21825397,0.5556382,-0.40865755,0.0952381,0.14285715,1.0347764,0.5284973,0.20634921,0.08730159,115.0,28.068186,0.53913045,-2.6282458e+09,-0.16582318,0.0,2.1718714e-08,98.462,-0.70330924,0.07626912,40.767742,6442.0,26831.0,-0.0003354329,0.7277765,能化,-0.0030693412,0.5692308,0.025410818,0.53846157,-0.23175655,0.5846154,-0.2290644,0.2923077,-0.34806263,0.6615385,-0.090132095,0.10769231,-0.42469358,0.35384616,-0.34374607,0.16923077,-0.99551094,0.12307692,-1.0276015,0.72307694,0.5674868,0.12307692,-1.0276016,0.42307693,-0.44785023,0.33846155,-0.7097582,0.12307692,-1.0610647,0.07692308,-1.5629624,,,0.41538462,-0.2696916,0.6,-0.24268407,,,,,,,,,0.2923077,-0.34199646,0.7076923,-0.17197654,,,,,,,,,0.47692308,-0.12137416,0.86153847,0.12205845,,,,,,,,,0.2,-0.63117445,0.9846154,-0.12403472,0.9230769,-0.20842533,0.93846154,1.3981783,0.9846154,3.5,0.86153847,1.0180763,0.21538462,-0.92662305,0.47692308,-0.25409633,0.47692308,-0.25409633,0.10769231,-1.2230482,0.86153847,1.4129708,0.75384617,-0.1862638,0.18461539,-1.0822951,0.24615385,-0.2229569,0.15384616,-0.9843078,0.12307692,-0.83763725,0.2769231,-0.869369,0.24615385,-0.9382881,0.07692308,-1.2332202,0.092307694,-0.9621925,0.046153847,-1.9623853,0.14615385,-1.4718978,0.2769231,-0.71842736,0.12307692,-0.61041135,0.14615385,-1.3461596,0.06153846,-1.7385588,0.9846154,-0.12403472,0.9230769,-0.20842533,0.93846154,1.3981783,0.10769231,-0.3250823,0.33846155,-0.5798172,0.6230769,0.46834284,0.13846155,-0.4286886,0.35384616,-0.34374607,0.046153847,-1.5910163,0.73846155,0.5489234,0.16923077,-0.99551094,0.73846155,0.078752615,0.44615385,-0.33489144,0.26153848,-0.2750492,0.2923077,-0.65993965,0.52380955,0.796674,0.18461539,0.36307693,0.6,0.4804396013113169,0.39235165873857647
BR,2026-04-24,15650.0,15985.0,15580.0,15700.0,319656.0,69697.0,2.5206562e+06,,,,,,,,,,,,,1032.12,BR.SHF.csv,,,-0.0025413036,15723.0,15909.5,-0.015673995,0.011921564,180.0,1,90.479095,1,32.562145,0.1437148,0.14226112,-1.0688556,0.0,0.0,-5.068553,0.092,1.0,,0.043544456,2.2982187,,,,,0.045721687,1.0001698,,,,,0.23017251,2.647509,,,,,0.47005785,8.1,4.634766,1.0,0.5308642,0.40578723,0.3172568,-1.0,0.36548638,0.0,0.0,-0.22990258,0.22990258,1410.2975,-2.2072885,-0.09657093,1.0148816,0.05736286,0.71428573,0.31349206,1.2386484,1.0157615,0.8095238,0.79761904,1.9902236,3.8041902,0.7936508,0.79761904,8.1,4.634766,0.5308642,2.1812794e+08,-0.2062891,0.0,5.3871105e-08,90.479095,-0.64785993,0.030453948,32.562145,51205.0,35332.0,-0.0070757386,0.21803752,能化,-0.0025413036,0.61538464,0.06547259,0.8153846,-0.09503295,0.83076924,-0.08899478,0.10769231,-0.98938227,0.5692308,-0.280507,0.52307695,-0.13782664,0.2769231,-0.5503275,0.07692308,-1.5414474,0.092307694,-1.1530812,0.83076924,1.0268749,0.092307694,-1.153081,0.42307693,-0.44785023,0.33846155,-0.7097582,0.06153846,-1.4522513,0.10769231,-1.5244231,,,0.50769234,-0.12767476,0.72307694,-0.11832317,,,,,,,,,0.4923077,-0.16667031,0.23076923,-0.4442191,,,,,,,,,0.5692308,-0.0013998046,0.3846154,-0.32183743,,,,,,,,,0.06153846,-0.8006498,0.83076924,-0.12403474,0.6615385,-0.20842533,0.9230769,1.3680799,0.8923077,0.13609093,0.3846154,-0.20280369,0.63076925,0.0626222,0.47692308,-0.25409633,0.47692308,-0.25409633,0.046153847,-1.3722495,0.95384616,1.6678895,0.86153847,-0.014502694,0.13846155,-1.1656487,0.2769231,-0.21788758,0.5538462,0.011838451,0.30769232,-0.5791506,0.63846153,0.6346334,0.35384616,-0.6227627,0.43076923,-0.37723973,0.35384616,-0.6251038,0.64615387,0.623471,0.64615387,0.64172024,0.6769231,0.19497344,0.5846154,-0.2170718,0.6923077,0.7305311,0.7076923,0.7521164,0.83076924,-0.12403474,0.6615385,-0.20842533,0.9230769,1.3680799,0.6,-0.108897746,0.2769231,-0.6226268,0.6230769,0.46834284,0.4,-0.3717874,0.2769231,-0.5503275,0.092307694,-1.4798895,0.5692308,0.19804884,0.07692308,-1.5414474,0.9692308,2.0147939,0.53846157,-0.25063968,0.092307694,-0.47132444,0.03076923,-1.2523272,0.5714286,0.8726624,0.10769231,0.4,0.6,0.5459341051028325,0.38690111460135534
BZ,2026-04-24,8410.0,8540.0,8348.0,8406.0,13310.0,20941.0,336398.56,,,,,,,,,,,,,1032.12,BZ.DCE.csv,,,-0.0009508133,8376.8,8517.3,-0.036340714,0.017525606,1232.0,1,131.34076,1,59.609795,0.34779394,0.14166741,-0.4566182,0.0,0.0,-2.1562636,0.16494845,2.0,,0.0375864,1.3778138,,,,,0.037917662,1.4837873,,,,,0.36675537,4.3644156,,,,,0.4908842,48.0,11.530548,1.0,0.375,1.8738039,0.5463505,0.0,0.09270096,0.0,0.0,-0.08353506,0.08353506,411.16757,-2.0381734,-0.09127852,1.5996946,4.8867936,0.73913044,0.8532609,1.3306915,2.232816,0.21839081,0.3045977,1.7393316,3.8314586,0.16233766,0.24025974,48.0,11.530548,0.375,5.521554e+07,0.63498574,0.0,8.776277e-07,131.34076,-0.3417205,0.11590919,59.609795,-75.0,6778.0,-0.04676896,1.5733284,能化,-0.0009508133,0.6769231,0.18614177,0.63076925,-0.22604607,0.64615387,-0.22202268,0.046153847,-1.8992552,0.72307694,0.18105444,0.73846155,-0.09986161,0.7692308,0.50709,0.5846154,0.25809252,0.2,-0.74462026,0.8153846,1.015759,0.2,-0.7446202,0.42307693,-0.44785023,0.33846155,-0.7097582,0.16923077,-0.7456273,0.16923077,-1.2901415,,,0.4923077,-0.13246056,0.52307695,-0.3288816,,,,,,,,,0.47692308,-0.17352925,0.41538462,-0.3504268,,,,,,,,,0.7076923,0.11647988,0.7076923,-0.085784405,,,,,,,,,0.092307694,-0.787721,0.93846154,-0.124034725,0.86153847,-0.20842533,0.73846155,0.8005593,0.93846154,1.1480348,0.8769231,1.0906779,0.26153848,-0.84139466,0.47692308,-0.25409633,0.47692308,-0.25409633,0.5538462,-0.10439615,0.36923078,-0.49830836,0.6769231,-0.22588068,0.2,-1.0565808,0.2923077,-0.2084595,0.83076924,0.8342796,0.9230769,1.3667351,0.6923077,0.71245456,0.83076924,1.1655004,0.50769234,-0.26188707,0.47692308,-0.33708784,0.12307692,-1.5165479,0.21538462,-0.94978774,0.61538464,-0.044877585,0.6,-0.21379745,0.07692308,-1.5017838,0.18461539,-1.2022225,0.93846154,-0.124034725,0.86153847,-0.20842533,0.73846155,0.8005593,0.47692308,-0.12127108,0.63076925,0.26737207,0.6230769,0.46834284,0.93846154,1.0860426,0.7692308,0.50709,0.2769231,-0.86635184,0.83076924,0.85250604,0.5846154,0.25809252,0.52307695,-0.20311369,0.2923077,-0.5336328,0.015384615,-1.6271764,0.6615385,0.322709,0.61904764,0.89287114,0.10769231,0.38,0.6,0.5683516858174251,0.3831428605134671
B,2026-04-24,3656.0,3677.0,3615.0,3619.0,183417.0,181406.0,668649.44,,,,,,,,,,,,,1032.12,B.DCE.csv,,,-0.011202157,3648.6,3628.2,0.004162073,0.008167873,553.0,1,72.86791,1,40.5316,0.28991595,0.04398056,-0.6302521,0.0,0.0,-0.9239614,0.324,1.0,,0.40328696,0.21622786,,,,,0.55408037,0.6654403,,,,,-2.0468464,15.201275,,,,,6.524187,1.6756756,2.576745,0.0,0.27419356,-0.32332018,0.4934164,0.0,0.0131672025,0.0,0.0,-0.11850631,0.11850631,34.034023,-3.0123107,1.7278831,1.4229614,2.8339505,0.8214286,0.74603176,1.273764,2.114571,0.63492066,0.5793651,1.6351483,4.350568,0.78571427,0.5674603,1.6756756,2.576745,0.27419356,-1.3952619e+08,-0.05826511,0.0,1.3481647e-07,72.86791,-0.1969697,-0.27180356,40.5316,-5481.0,42249.0,0.00035503798,0.9890359,农产品,-0.011202157,0.13846155,-0.59161913,0.30769232,-0.3103694,0.30769232,-0.31000552,0.36923078,-0.11607957,0.2923077,-0.58966935,0.6,-0.12436565,0.13846155,-1.0060694,0.15384616,-1.0112219,0.18461539,-0.86046207,0.18461539,-0.81322825,0.18461539,-0.86046207,0.42307693,-0.44785023,0.33846155,-0.7097582,0.2923077,-0.44662735,0.2846154,-0.77933055,,,0.6923077,0.16128777,0.15384616,-0.5946143,,,,,,,,,0.73846155,0.2801253,0.10769231,-0.5091362,,,,,,,,,0.03076923,-1.9666119,0.95384616,1.4041471,,,,,,,,,0.9692308,2.9577136,0.21538462,-0.12403474,0.24615385,-0.20842533,0.63076925,0.43351066,0.23076923,-0.36650264,0.72307694,0.7918078,0.07692308,-1.1049713,0.47692308,-0.25409633,0.47692308,-0.25409633,0.3846154,-0.4073214,0.5538462,0.019256277,0.06153846,-0.30566785,0.015384615,-1.6848342,1.0,3.0322602,0.7692308,0.585734,0.7846154,0.5395987,0.8,0.97023726,0.6923077,0.81024855,0.47692308,-0.3332312,0.46153846,-0.3650705,0.45384616,-0.008627127,0.44615385,-0.06281911,0.5538462,-0.1444761,0.63076925,-0.15146372,0.66923076,0.7024676,0.44615385,-0.054918103,0.21538462,-0.12403474,0.24615385,-0.20842533,0.63076925,0.43351066,0.32307693,-0.13606188,0.35384616,-0.46602967,0.6230769,0.46834284,0.7076923,-0.22853561,0.13846155,-1.0060694,0.36923078,-0.5762551,0.046153847,-2.116784,0.15384616,-1.0112219,0.21538462,-0.4369282,0.6,-0.18208665,0.4,-0.25494298,0.46153846,-0.35632,0.18181819,0.7219003,0.32692307,0.46615386,0.3,0.38601399373549683,0.3665244850630943
PB,2026-04-24,16675.0,16700.0,16620.0,16670.0,42241.0,69504.0,351759.72,,,,,,,,,,,,,1032.12,PB.SHF.csv,,,0.0006002188,16727.0,16707.5,-0.006259322,0.0051273494,-5875.0,1,160.94025,1,41.86083,0.46352583,0.029572148,-0.10942249,1.0,0.0,-0.107861936,0.472,0.0,,-0.0014292528,0.74460524,,,,,-0.25125256,1.7112389,,,,,-0.46371946,2.3241434,,,,,2.450827,16.0,4.4933333,1.0,-0.3125,-0.24703558,0.3016069,-1.0,0.3967862,0.0,0.0,-0.082589045,0.082589045,167.4587,1.6784936,-0.025498763,0.26267472,-0.9826589,0.083333336,0.015873017,1.594547,4.1704664,0.88492066,0.9563492,1.4323949,2.9012966,0.52380955,0.51984125,16.0,4.4933333,-0.3125,-3.3858966e+08,-0.43710107,0.0,9.791156e-08,160.94025,-0.15492958,0.039929945,41.86083,-1555.0,23612.0,-0.0044468916,1.6454155,有色,0.0006002188,0.73846155,0.3038173,0.84615386,-0.07712749,0.84615386,-0.0746342,0.23076923,-0.57489187,0.07692308,-0.84009373,0.18461539,-0.35634208,0.86153847,1.2730651,0.2,-0.92278546,0.3846154,-0.5129849,0.06153846,-1.0829964,0.3846154,-0.5129849,0.9230769,2.1985373,0.33846155,-0.7097582,0.41538462,-0.2486129,0.41538462,-0.30401286,,,0.46153846,-0.16379982,0.23076923,-0.4737389,,,,,,,,,0.23076923,-0.42768046,0.53846157,-0.30631506,,,,,,,,,0.16923077,-0.6002727,0.33846155,-0.3662961,,,,,,,,,0.83076924,0.4289985,0.9076923,-0.12403474,0.64615387,-0.20842533,0.06153846,-1.7027127,0.30769232,-0.3139176,0.36923078,-0.2911644,0.64615387,0.16635051,0.47692308,-0.25409633,0.47692308,-0.25409633,0.5692308,-0.09620165,0.35384616,-0.5123091,0.41538462,-0.27744025,0.95384616,1.3404211,0.3846154,-0.09127707,0.12307692,-1.0460142,0.046153847,-0.9981987,0.13846155,-1.3417002,0.03076923,-1.6087795,0.5846154,0.06878913,0.6923077,0.12145707,0.7846154,0.89642256,0.9153846,1.1541125,0.46153846,-0.33830696,0.47692308,-0.3254897,0.36923078,-0.22362399,0.36923078,-0.22189073,0.9076923,-0.12403474,0.64615387,-0.20842533,0.06153846,-1.7027127,0.2923077,-0.15118092,0.16923077,-0.8668066,0.6230769,0.46834284,0.5846154,-0.29384747,0.86153847,1.273065,0.3846154,-0.49200195,0.5846154,0.27062058,0.2,-0.92278546,0.43076923,-0.26712507,0.41538462,-0.36679432,0.10769231,-0.39477336,0.72307694,0.4064843,0.8888889,0.16824155,0.32307693,0.35076922,0.3,0.7179487457642189,0.3639487360990964
EB,2026-04-24,9800.0,9963.0,9762.0,9785.0,229856.0,237091.0,1.1310068e+06,,,,,,,,,,,,,1032.12,EB.DCE.csv,,,-0.008310556,9799.4,9866.6,-0.01529634,0.009191719,2622.0,1,104.01018,1,40.49012,0.26308933,0.13482095,-0.710732,0.0,0.0,-3.1940522,0.144,2.0,,0.061452467,1.888119,,,,,0.11219551,1.4975291,,,,,0.31981087,4.1706944,,,,,0.8666277,13.4,4.90523,0.0,0.6965174,-0.12909944,0.49238226,0.0,0.015235484,0.0,0.0,-0.119649515,0.119649515,821.27936,-1.9748037,-0.09994733,1.9443196,5.2857656,0.96825397,0.96428573,1.4570398,2.7094002,0.52380955,0.53571427,2.2422538,6.092058,0.78174603,0.71428573,13.4,4.90523,0.6965174,6.7632876e+09,0.9087109,0.0,3.9572548e-08,104.01018,-0.6205171,0.05632764,40.49012,8.0,109837.0,-0.0013838689,1.0314763,能化,-0.008310556,0.2,-0.3722358,0.75384617,-0.20067523,0.75384617,-0.19774108,0.12307692,-0.9727556,0.32307693,-0.50534314,0.7846154,-0.04969869,0.47692308,-0.20017037,0.13846155,-1.0139817,0.16923077,-0.91415507,0.7846154,0.887573,0.16923077,-0.91415507,0.42307693,-0.44785023,0.33846155,-0.7097582,0.13846155,-0.9974313,0.12307692,-1.3574196,,,0.53846157,-0.11329019,0.63076925,-0.21214053,,,,,,,,,0.52307695,-0.10824657,0.43076923,-0.34776172,,,,,,,,,0.64615387,0.075963795,0.6769231,-0.112418644,,,,,,,,,0.35384616,-0.5544619,0.8769231,-0.12403474,0.6769231,-0.20842533,1.0,1.9712436,0.66923076,-0.23262101,0.6923077,0.7859689,0.10769231,-1.098117,0.47692308,-0.25409633,0.47692308,-0.25409633,0.36923078,-0.41722396,0.5846154,0.036175344,0.84615386,-0.13911659,0.21538462,-1.0157115,0.23076923,-0.22390243,0.9076923,1.3189367,0.93846154,1.5274899,0.93846154,1.4301387,0.9692308,1.5333276,0.53846157,-0.10354135,0.53846157,-0.22430421,0.30769232,-0.41087142,0.4,-0.20372702,0.7692308,0.4359125,0.7076923,0.057651427,0.64615387,0.688436,0.5846154,0.45991433,0.8769231,-0.12403474,0.6769231,-0.20842533,1.0,1.9712436,0.9692308,0.3882128,0.72307694,0.5569505,0.6230769,0.46834284,0.2923077,-0.39709204,0.47692308,-0.20017037,0.10769231,-1.4250915,0.6923077,0.396202,0.13846155,-1.0139817,0.53846157,-0.19952385,0.84615386,0.48776484,0.16923077,-0.3055793,0.50769234,-0.3069984,0.33333334,0.8984392,0.12307692,0.63384616,0.3,0.41538463326600883,0.35861539611449605
AP,2026-04-24,7688.0,7728.0,7656.0,7689.0,77587.0,102027.0,596774.5,,,,,,,,,,,,,1032.12,AP.ZCE.csv,,,0.0028694868,7783.0,7959.2,-0.051092207,0.053046253,691.0,1,32.975277,1,18.194187,-0.97542626,0.08966518,-4.426279,0.0,0.0,-13.229436,0.04,2.0,,-3.4856768,15.892657,,,,,-3.923398,23.317171,,,,,-3.8961957,30.124567,,,,,3.7576666,72.0,16.500643,1.0,0.097222224,7.1022706,0.45587534,0.0,0.088249326,0.0,0.0,-0.0620811,0.0620811,2046.5099,-2.1807492,0.036359925,0.6569321,-0.72810763,0.035714287,0.027777778,1.2654592,2.2530181,0.37698412,0.42460316,0.93688285,0.8687572,0.06746032,0.10714286,72.0,16.500643,0.097222224,6.4612685e+09,-2.3541398,0.0,1.4599934e-07,32.975277,-0.8215024,-0.28760976,18.194187,-6960.0,28312.0,-0.014622775,1.3150012,农产品,0.0028694868,0.7846154,0.47598478,0.52307695,-0.23663597,0.52307695,-0.2320661,0.03076923,-2.5487044,0.9692308,3.106614,0.61538464,-0.11938545,0.015384615,-2.0384104,0.015384615,-2.4973795,0.015384615,-3.3930228,0.61538464,0.042123195,0.015384615,-3.3930228,0.42307693,-0.44785023,0.33846155,-0.7097582,0.015384615,-3.432369,0.06153846,-1.6914266,,,0.015384615,-2.9625154,0.95384616,2.9916377,,,,,,,,,0.015384615,-3.5,0.9846154,3.5,,,,,,,,,0.015384615,-3.5,0.9846154,3.4559116,,,,,,,,,0.8923077,1.240276,0.9692308,-0.124034725,0.8923077,-0.20842533,0.41538462,-0.2108637,1.0,3.5,0.63076925,0.5798479,0.24615385,-0.85614747,0.47692308,-0.25409633,0.47692308,-0.25409633,0.64615387,0.08144069,0.24615385,-0.8158209,0.8923077,0.12009572,0.15384616,-1.1485326,0.50769234,0.018920219,0.32307693,-0.49155733,0.092307694,-0.89563423,0.046153847,-1.4908575,0.046153847,-1.5693388,0.46153846,-0.34363922,0.4923077,-0.332307,0.20769231,-0.9424087,0.32307693,-0.5624016,0.21538462,-0.812013,0.23076923,-0.5695535,0.03076923,-1.837269,0.07692308,-1.6689868,0.9692308,-0.124034725,0.8923077,-0.20842533,0.41538462,-0.2108637,0.95384616,0.3652742,0.015384615,-2.894874,0.6230769,0.46834284,0.7692308,-0.20874491,0.015384615,-2.0384104,0.015384615,-1.8278886,0.03076923,-2.2378354,0.015384615,-2.4973795,0.15384616,-0.50089633,0.46153846,-0.32021356,0.07692308,-0.69109136,0.61538464,0.022497006,1.0,0.022290314,0.046153847,0.32769233,0.6,0.6061538699957041,0.3527692449459663
SF,2026-04-24,5798.0,5810.0,5722.0,5742.0,189742.0,224791.0,546331.3,,,,,,,,,,,,,1032.12,SF.ZCE.csv,,,-0.008974791,5747.2,5728.2,0.0073684454,0.0058538243,-7906.0,1,100.34644,1,66.23003,0.36031747,0.049034867,-0.41904762,0.0,0.0,-0.6849315,0.4,1.0,,-0.041420773,0.99395263,,,,,0.18416843,2.0724344,,,,,0.023048194,1.8522325,,,,,1.4124829,1.5714285,2.3223343,0.0,-0.09090909,-0.6424148,0.32778263,-1.0,0.34443474,0.0,0.0,0.08006392,0.08006392,45.53619,2.625265,-2.1035519,1.9241694,3.968134,0.8373016,0.8055556,1.6261411,2.634411,0.6468254,0.6111111,0.8036943,-0.32212466,0.17063493,0.1388889,1.5714285,2.3223343,-0.09090909,1.7194886e+09,0.7590351,-1.0,9.4192735e-08,100.34644,0.1119403,-0.019219637,66.23003,1329.0,1511.0,0.027796162,1.1847192,黑色,-0.008974791,0.16923077,-0.4226307,0.47692308,-0.2729427,0.47692308,-0.27221453,0.50769234,0.025084164,0.13846155,-0.7802596,0.092307694,-0.4296377,0.3846154,-0.29498044,0.72307694,0.6985512,0.21538462,-0.7195546,0.30769232,-0.71859664,0.21538462,-0.71955466,0.42307693,-0.44785023,0.33846155,-0.7097582,0.33846155,-0.3886303,0.35384616,-0.53524846,,,0.44615385,-0.19592293,0.32307693,-0.41669643,,,,,,,,,0.5846154,-0.044989694,0.6615385,-0.23626515,,,,,,,,,0.3846154,-0.18016127,0.23076923,-0.4311779,,,,,,,,,0.5846154,-0.21559861,0.2,-0.12403474,0.18461539,-0.20842533,0.2,-0.89587295,0.015384615,-0.5864633,0.41538462,-0.14337403,0.6,-0.007143416,0.47692308,-0.25409633,0.47692308,-0.25409633,0.9076923,1.3127183,0.30769232,-0.5496803,0.092307694,-0.30323443,0.9692308,1.9510254,0.03076923,-3.5,0.8923077,1.2905989,0.8923077,0.99658656,0.83076924,1.0199564,0.8,1.007452,0.61538464,0.10838426,0.50769234,-0.24205038,0.47692308,0.034470312,0.46153846,0.039659336,0.12307692,-0.9393403,0.03076923,-0.7125525,0.092307694,-1.4724448,0.12307692,-1.5576717,0.2,-0.12403474,0.18461539,-0.20842533,0.2,-0.89587295,0.8769231,0.0051319064,0.6769231,0.39860597,0.13846155,-1.5611428,0.5692308,-0.30042884,0.3846154,-0.29498044,0.50769234,0.04283516,0.35384616,-0.18237527,0.72307694,0.6985512,0.63076925,-0.14238939,0.16923077,-0.585833,0.8923077,0.5441325,0.5692308,-0.12890883,0.11111111,0.7970162,0.43076926,0.33538464,0.3,0.24512820860514276,0.3443590003458353
PR,2026-04-24,8350.0,8366.0,8216.0,8250.0,44662.0,32443.0,554838.06,,,,,,,,,,,,,1032.12,PR.ZCE.csv,,,-0.014101326,8244.0,8150.0,0.0051169395,0.010144414,1770.0,1,116.10036,1,51.46854,0.59269863,0.122056454,0.2780958,0.0,0.0,1.1314464,0.644,2.0,,0.31314167,1.4750262,,,,,0.2840252,1.5137347,,,,,0.6064985,4.5959916,,,,,0.49043855,1.5,8.204084,0.0,-0.12,-0.3908364,0.44955203,-1.0,0.10089594,0.0,0.0,-0.13113952,0.13113952,155.81999,0.9368236,0.9294202,1.4203855,0.81590325,0.79761904,0.6785714,1.7934866,2.9424002,0.77380955,0.75793654,2.1774335,5.3876576,0.96031743,0.78174603,1.5,8.204084,-0.12,4.33879e+08,0.6392911,-1.0,3.703651e-07,116.10036,-0.366322,0.22381914,51.46854,-3254.0,-1468.0,-0.028610354,0.7264117,能化,-0.014101326,0.10769231,-0.8115767,0.6,-0.22841445,0.6,-0.22863251,0.41538462,-0.07404062,0.3846154,-0.42687702,0.75384617,-0.080446035,0.64615387,0.1126991,0.4,-0.28356314,0.47692308,-0.25444773,0.73846155,0.64858377,0.47692308,-0.25444782,0.42307693,-0.44785023,0.33846155,-0.7097582,0.50769234,0.052086953,0.52307695,0.24838333,,,0.64615387,0.08887872,0.53846157,-0.30664256,,,,,,,,,0.6615385,0.042774245,0.47692308,-0.34461883,,,,,,,,,0.7692308,0.32339343,0.8,-0.05394563,,,,,,,,,0.07692308,-0.7879976,0.16923077,-0.12403474,0.8,-0.20842533,0.18461539,-1.0017965,0.16923077,-0.4130434,0.61538464,0.54414594,0.2769231,-0.81423634,0.47692308,-0.25409633,0.47692308,-0.25409633,0.2923077,-0.51675177,0.6615385,0.20622413,0.33846155,-0.27990258,0.8,0.86209357,0.9692308,1.6098498,0.75384617,0.5821115,0.5538462,-0.2735177,0.7692308,0.89565855,0.65384614,0.5867513,0.6615385,0.31810954,0.5692308,-0.16916476,0.5923077,0.4941783,0.5692308,0.5136223,0.73846155,0.37394473,0.6615385,-0.026931768,0.95384616,1.3198621,0.6769231,0.6964588,0.16923077,-0.12403474,0.8,-0.20842533,0.18461539,-1.0017965,0.64615387,-0.09251126,0.64615387,0.27192676,0.13846155,-1.5611428,0.84615386,0.18832278,0.64615387,0.1126991,0.24615385,-0.9156561,0.9846154,1.6789321,0.4,-0.28356314,0.2769231,-0.3406084,0.12307692,-0.61535734,0.046153847,-1.0984044,0.2769231,-0.6615258,0.1904762,0.9649386,0.46923077,0.20615384,0.3,0.37274726083645454,0.32989012127197703
MA,2026-04-24,2872.0,2930.0,2866.0,2895.0,622610.0,631322.0,1.8018704e+06,,,,,,,,,,,,,1032.12,MA.ZCE.csv,,,0.005557537,2860.4,2985.8,-0.0072016716,0.03067378,-1154.0,1,125.49344,1,40.94329,0.11289194,0.18321566,-1.1613243,0.0,0.0,-7.0924263,0.032,2.0,,-0.6058749,1.0166757,,,,,-0.36277592,1.3183988,,,,,-0.17654568,3.9560237,,,,,1.0272211,2.7826087,3.476327,0.0,0.453125,-0.17904566,0.5058094,0.0,0.011618853,0.0,0.0,-0.18266918,0.18266918,309.95657,-2.3645682,-0.0053698523,-0.23756175,-0.55408883,0.01984127,0.14285715,1.4276816,3.5334134,0.48015872,0.77380955,2.092082,6.9161644,0.4642857,0.51984125,2.7826087,3.476327,0.453125,-5.4359967e+09,0.37058353,0.0,1.4244866e-08,125.49344,-0.68994236,0.092473775,40.94329,15361.0,36940.0,-0.0005684894,1.0139927,能化,0.005557537,0.8769231,0.6799249,0.21538462,-0.3244263,0.24615385,-0.321566,0.2,-0.61637974,0.9076923,1.2639673,0.30769232,-0.18596861,0.7076923,0.35577312,0.18461539,-0.9838313,0.07692308,-1.2147726,0.9230769,1.7936653,0.07692308,-1.2147726,0.42307693,-0.44785023,0.33846155,-0.7097582,0.03076923,-1.9433142,0.03846154,-1.7171195,,,0.15384616,-0.6493197,0.36923078,-0.41149813,,,,,,,,,0.16923077,-0.5256982,0.36923078,-0.38250208,,,,,,,,,0.2769231,-0.3524235,0.63076925,-0.14193316,,,,,,,,,0.44615385,-0.45476657,0.5846154,-0.12403474,0.4923077,-0.20842533,0.83076924,1.085022,0.47692308,-0.26705033,0.7692308,0.8617798,0.046153847,-1.1101025,0.47692308,-0.25409633,0.47692308,-0.25409633,0.15384616,-0.963108,0.8153846,0.9688485,0.5692308,-0.2472931,0.092307694,-1.2670836,0.41538462,-0.055418707,0.015384615,-1.7495126,0.13846155,-0.82551813,0.023076924,-1.5405766,0.16923077,-1.1880791,0.52307695,-0.14033452,0.63076925,-0.029301507,0.2769231,-0.5688961,0.6,0.56486154,0.7076923,0.29234934,0.75384617,0.15660867,0.32307693,-0.43409956,0.36923078,-0.22189073,0.5846154,-0.12403474,0.4923077,-0.20842533,0.83076924,1.085022,0.06153846,-0.5383334,0.4923077,-0.012343486,0.6230769,0.46834284,0.07692308,-0.44191527,0.7076923,0.35577312,0.06153846,-1.5642275,0.7692308,0.67302644,0.18461539,-0.9838313,0.8923077,0.4645076,0.5692308,-0.23470312,0.24615385,-0.28183573,0.47692308,-0.32731676,0.7619048,0.872535,0.11923077,0.45384616,0.3,0.5186813510381258,0.31379120624982393
LG,2026-04-24,818.0,821.5,812.0,815.0,4187.0,11826.0,30741.51,,,,,,,,,,,,,1032.12,LG.DCE.csv,,,-0.004276097,821.1,821.9,-0.006097555,0.0052010836,8.0,1,103.5699,1,42.681416,0.19831227,0.04305308,-0.9050633,0.0,0.0,-1.2988585,0.288,0.0,,0.5349858,0.08456574,,,,,-0.22814696,0.9122595,,,,,-0.28761154,0.9182538,,,,,4.607701,3.1666667,2.2150002,0.0,0.05263158,-0.22569749,0.0024070565,-1.0,0.9951859,0.0,0.0,0.23607387,0.23607387,10.913845,-2.9552948,0.071610585,1.166901,0.55490804,0.37698412,0.1984127,1.0680075,0.5373183,0.13095239,0.06746032,6.537807,57.012836,1.0,1.0,3.1666667,2.2150002,0.05263158,207703.0,1.0775186,0.0,2.0568132e-06,103.5699,-0.5425532,0.18068056,42.681416,529.0,5681.0,-0.0008801267,2.8244567,农产品,-0.004276097,0.43076923,-0.06614473,0.046153847,-0.36079544,0.046153847,-0.3605069,0.24615385,-0.56776994,0.092307694,-0.8340208,0.47692308,-0.14403385,0.46153846,-0.21156386,0.23076923,-0.86819,0.10769231,-1.0438052,0.16923077,-0.83059347,0.10769231,-1.0438052,0.42307693,-0.44785023,0.33846155,-0.7097582,0.24615385,-0.53759056,0.24615385,-0.8949484,,,0.73846155,0.2670746,0.10769231,-0.6247343,,,,,,,,,0.26153848,-0.407373,0.16923077,-0.46126834,,,,,,,,,0.2,-0.4482804,0.092307694,-0.5595882,,,,,,,,,0.93846154,1.7679716,0.6615385,-0.12403474,0.10769231,-0.20842533,0.36923078,-0.37322372,0.35384616,-0.2992087,0.06153846,-1.9804711,0.95384616,2.1494603,0.47692308,-0.25409633,0.47692308,-0.25409633,1.0,2.6640954,0.9692308,1.7592227,0.03076923,-0.3105592,0.03076923,-1.6480628,0.61538464,0.081717014,0.61538464,0.22562815,0.50769234,-0.37867853,0.4,-0.42189723,0.23076923,-1.0040225,0.35384616,-0.591095,0.24615385,-0.7383273,0.06153846,-1.8330926,0.046153847,-1.7152842,1.0,3.5,1.0,3.5,1.0,1.4601791,1.0,1.46175,0.6615385,-0.12403474,0.10769231,-0.20842533,0.36923078,-0.37322372,0.41538462,-0.12544897,0.7846154,0.73553497,0.6230769,0.46834284,0.9846154,3.1728873,0.46153846,-0.21156386,0.13846155,-1.268843,0.93846154,1.3485562,0.23076923,-0.86819,0.5846154,-0.17699012,0.2769231,-0.544505,0.21538462,-0.2909105,0.95384616,1.7766938,0.45454547,-0.006162841,0.24615385,0.26307693,0.3,0.5681118962397942,0.29958042738070856
SM,2026-04-24,6184.0,6208.0,6136.0,6146.0,177893.0,285857.0,547816.06,,,,,,,,,,,,,1032.12,SM.ZCE.csv,,,-0.0038897991,6183.2,6184.4,-0.013483167,0.0048782234,-10090.0,1,75.859886,1,28.028042,0.08555251,0.0520107,-1.2433425,0.0,0.0,-2.1555705,0.172,2.0,,0.5408593,0.557136,,,,,0.5835504,1.2809598,,,,,0.5629392,2.0049696,,,,,1.0995526,1.8947369,2.9713736,0.0,0.19444445,-0.12909944,0.33749953,-1.0,0.32500094,0.0,0.0,0.22365078,0.22365078,147.57234,-2.7325854,-0.21143301,2.8701034,9.505302,0.96031743,0.9285714,2.871106,10.672746,0.6230159,0.765873,3.8895442,20.532776,0.82539684,0.9126984,1.8947369,2.9713736,0.19444445,1.1325706e+09,0.56595284,0.0,4.8957776e-08,75.859886,-0.5015015,0.04193098,28.028042,15337.0,29789.0,-0.0028198329,1.6069041,黑色,-0.0038897991,0.47692308,-0.036836643,0.4923077,-0.26516703,0.4923077,-0.2640049,0.15384616,-0.89292884,0.06153846,-0.8606123,0.06153846,-0.5084548,0.16923077,-0.92864317,0.046153847,-1.8431114,0.046153847,-1.2694919,0.33846155,-0.66288024,0.046153847,-1.2694919,0.42307693,-0.44785023,0.33846155,-0.7097582,0.18461539,-0.7454591,0.18461539,-1.2674947,,,0.75384617,0.2717925,0.21538462,-0.5166257,,,,,,,,,0.7692308,0.30602643,0.32307693,-0.38976297,,,,,,,,,0.72307694,0.28579903,0.32307693,-0.41017848,,,,,,,,,0.46153846,-0.40986365,0.2923077,-0.12403474,0.41538462,-0.20842533,0.5692308,0.14313436,0.66923076,-0.23262101,0.46153846,-0.08851163,0.5538462,-0.07154744,0.47692308,-0.25409633,0.47692308,-0.25409633,0.9846154,2.5564852,0.9230769,1.5753647,0.30769232,-0.28164744,0.046153847,-1.5044302,0.12307692,-0.422507,1.0,2.6208959,0.9846154,3.2276359,0.9230769,1.405279,0.93846154,1.4150054,0.93846154,1.6686326,0.93846154,1.6602212,0.43076923,-0.051724784,0.5846154,0.5392418,0.9692308,2.0107105,0.9692308,1.7916678,0.75384617,0.84278464,0.9153846,1.1556334,0.2923077,-0.12403474,0.41538462,-0.20842533,0.5692308,0.14313436,0.8,-0.039445024,0.6,0.19434099,0.6230769,0.46834284,0.35384616,-0.38048267,0.16923077,-0.92864317,0.18461539,-1.186571,0.6,0.28594548,0.046153847,-1.8431114,0.8769231,0.4634696,0.4923077,-0.30557528,0.12307692,-0.34739405,0.7076923,0.3617287,0.33333334,0.46809822,0.16923077,0.35846153,0.3,0.501538479419855,0.2984615492912439
JD,2026-04-24,3359.0,3362.0,3331.0,3339.0,244328.0,230570.0,817321.2,,,,,,,,,,,,,1032.12,JD.DCE.csv,,,-0.0038782954,3335.0,3312.4,-0.006545663,0.011810388,-2290.0,1,138.01389,1,66.622696,0.4144951,0.054907225,-0.25651464,0.0,0.0,-0.46948355,0.46,1.0,,-1.5906618,6.28838,,,,,1.8527209,10.949331,,,,,1.3311983,9.254803,,,,,3.9906137,1.55,2.595,0.0,-0.16129032,-0.43496203,0.42125034,-1.0,0.15749931,0.0,0.0,0.0070051425,0.0070051425,132.02197,-1.6903795,-0.028909357,1.0374568,0.2192905,0.5119048,0.34920636,1.3023067,1.5641286,0.5833333,0.3968254,1.573612,3.6596928,0.36507937,0.40873015,1.55,2.595,-0.16129032,1.1077025e+08,0.9308519,0.0,3.652371e-08,138.01389,-0.10902256,0.022894118,66.622696,-8260.0,-40403.0,0.00054451404,0.9436904,农产品,-0.0038782954,0.4923077,-0.035963867,0.2769231,-0.3159622,0.2769231,-0.31568858,0.21538462,-0.5874983,0.5538462,-0.28966364,0.21538462,-0.22696507,0.7846154,0.679777,0.75384617,0.7246764,0.32307693,-0.61111903,0.41538462,-0.6086487,0.32307693,-0.611119,0.42307693,-0.44785023,0.33846155,-0.7097582,0.36923078,-0.33635503,0.4,-0.34255213,,,0.03076923,-1.4403479,0.9076923,0.7944947,,,,,,,,,0.93846154,1.4214982,0.93846154,1.4853115,,,,,,,,,0.9230769,0.94885546,0.8923077,0.5865822,,,,,,,,,0.9076923,1.3848879,0.18461539,-0.12403474,0.26153848,-0.20842533,0.15384616,-1.1521395,0.10769231,-0.44346043,0.5846154,0.3843523,0.35384616,-0.6266515,0.47692308,-0.25409633,0.47692308,-0.25409633,0.7692308,0.6798741,0.03076923,-1.6309295,0.2923077,-0.28493732,0.32307693,-0.83227694,0.35384616,-0.09735282,0.5692308,0.04358659,0.3846154,-0.51390636,0.4923077,0.0007150601,0.4,-0.5044406,0.4923077,-0.29746026,0.43076923,-0.4953327,0.4,-0.19538356,0.30769232,-0.65207016,0.52307695,-0.20330438,0.5692308,-0.23442279,0.26153848,-0.7848918,0.2769231,-0.6114935,0.18461539,-0.12403474,0.26153848,-0.20842533,0.15384616,-1.1521395,0.50769234,-0.117051646,0.73846155,0.5803738,0.6230769,0.46834284,0.2769231,-0.40248767,0.7846154,0.679777,0.4,-0.39999914,0.4923077,0.14015204,0.75384617,0.7246764,0.13846155,-0.5571225,0.03076923,-1.0012345,0.4923077,-0.2494255,0.44615385,-0.40901774,0.6363636,-0.012154486,0.30769232,0.24769233,0.3,0.3941258974258716,0.2960279864806395
BC,2026-04-24,91330.0,91860.0,90530.0,90860.0,5290.0,4313.0,240892.27,,,,,,,,,,,,,1032.12,BC.INE.csv,,,-0.0028533936,91026.0,90673.0,-0.0016481876,0.0074631046,35680.0,1,130.19429,1,78.46244,1.1588293,0.046308268,1.9764879,1.0,1.0,3.0509243,0.792,0.0,,-1.1493306,2.6419044,,,,,0.13521977,3.2192152,,,,,0.08591854,3.1630185,,,,,0.89034003,2.8297873,7.0661087,0.0,0.15037593,-0.1806953,0.5010297,0.0,0.0020593405,0.0,0.0,-0.09079946,0.09079946,4070.2463,0.8487874,0.3514519,0.72549176,0.14278224,0.09920635,0.12698413,2.6980119,10.723297,0.9285714,0.9166667,1.6162907,3.4724483,0.64285713,0.65873015,2.8297873,7.0661087,0.15037593,9.918957e+07,-0.4030663,1.0,3.5593823e-06,130.19429,0.70238096,0.12794493,78.46244,-1377.0,-2479.0,0.06050827,0.8153119,有色,-0.0028533936,0.5846154,0.041794587,0.93846154,1.2479308,0.93846154,1.2564276,0.2769231,-0.37188208,0.26153848,-0.6477157,0.95384616,1.1433126,0.75384617,0.47742167,0.95384616,1.5124007,0.7692308,0.8786531,0.24615385,-0.7696467,0.7692308,0.8786529,0.9230769,2.1985373,0.8384615,1.3872547,0.7692308,0.5178199,0.6615385,0.723701,,,0.10769231,-1.0858495,0.8,-0.03969919,,,,,,,,,0.53846157,-0.08801059,0.7692308,-0.013859624,,,,,,,,,0.46153846,-0.12590015,0.4923077,-0.25096136,,,,,,,,,0.36923078,-0.53974146,0.61538464,-0.12403474,0.75384617,-0.20842533,0.47692308,-0.017324518,0.46153846,-0.26818746,0.75384617,0.8347929,0.015384615,-1.141783,0.47692308,-0.25409633,0.47692308,-0.25409633,0.53846157,-0.16732125,0.3846154,-0.39079732,0.9230769,0.5482416,0.7846154,0.8053161,0.84615386,0.5802364,0.4,-0.39513972,0.35384616,-0.5447332,0.15384616,-1.2919812,0.115384616,-1.2406666,0.8923077,1.4517031,0.95384616,1.6721842,0.83076924,1.0544469,0.8230769,1.0260146,0.53846157,-0.16250384,0.53846157,-0.25690678,0.52307695,0.19732669,0.53846157,0.26511282,0.61538464,-0.12403474,0.75384617,-0.20842533,0.47692308,-0.017324518,0.4923077,-0.11793122,0.2,-0.83080065,0.99230766,2.4978285,1.0,3.5,0.75384617,0.47742167,0.9076923,1.2261443,0.8923077,0.9446815,0.95384616,1.5124007,0.44615385,-0.2594264,0.092307694,-0.6253771,0.9692308,1.496697,0.35384616,-0.5582114,0.6666667,0.8525448,0.46923077,0.35076922,0.0,0.44307695883970993,0.2903077175800617
SN,2026-04-24,393040.0,393890.0,386120.0,387630.0,105515.0,16842.0,4.1187392e+06,,,,,,,,,,,,,1032.12,SN.SHF.csv,,,-0.007933855,391120.0,388138.0,-0.007756114,0.011725284,144690.0,1,163.08205,1,54.51497,0.7379736,0.100793816,0.71392065,0.0,0.0,2.3986263,0.736,0.0,,-0.25677228,0.75871146,,,,,-0.08686093,0.97483474,,,,,-0.091466315,1.8163371,,,,,1.9377658,1.4362292,7.770894,0.0,-0.08494209,-0.1423476,0.33454484,-1.0,0.33091033,0.0,0.0,-0.10345807,0.10345807,34554.87,-1.3049039,0.0055602435,-0.21966968,-0.12363648,0.01984127,0.26190478,0.9043584,0.7913043,0.30952382,0.33333334,0.49528712,-0.11329367,0.07936508,0.17857143,1.4362292,7.770894,-0.08494209,-1.3763216e+10,-0.5013856,1.0,1.01055406e-07,163.08205,0.49120715,0.015849061,54.51497,-2365.0,-13049.0,0.2322017,0.15961711,有色,-0.007933855,0.23076923,-0.3436558,1.0,3.5,1.0,3.5,0.18461539,-0.6407896,0.52307695,-0.2966731,1.0,3.5,0.8769231,1.3284905,0.44615385,-0.08087751,0.5846154,0.03631755,0.64615387,0.2504842,0.5846154,0.036317468,0.42307693,-0.44785023,0.33846155,-0.7097582,0.6769231,0.35954943,0.6,0.5438511,,,0.30769232,-0.36890364,0.24615385,-0.4705119,,,,,,,,,0.36923078,-0.28319693,0.2,-0.44913256,,,,,,,,,0.32307693,-0.27899456,0.2,-0.4361131,,,,,,,,,0.75384617,0.110493585,0.12307692,-0.12403474,0.7692308,-0.20842533,0.21538462,-0.87414634,0.53846157,-0.24175334,0.44615385,-0.10519406,0.5692308,-0.051963616,0.47692308,-0.25409633,0.47692308,-0.25409633,0.46153846,-0.2769717,0.47692308,-0.20345345,1.0,3.5,0.4,-0.5836709,0.44615385,-0.03594744,0.03076923,-1.7243505,0.26153848,-0.6520793,0.023076924,-1.5405766,0.2923077,-0.7936722,0.23076923,-0.7961877,0.32307693,-0.6782215,0.16923077,-1.1866283,0.26153848,-0.85702705,0.015384615,-1.2341754,0.046153847,-0.68747646,0.046153847,-1.7951738,0.13846155,-1.4185278,0.12307692,-0.12403474,0.7692308,-0.20842533,0.21538462,-0.87414634,0.015384615,-1.1707929,0.13846155,-0.93481433,0.99230766,2.4978285,0.6,-0.28828374,0.8769231,1.3284905,0.6769231,0.8029284,0.43076923,0.08619762,0.44615385,-0.08087751,0.36923078,-0.3021583,0.07692308,-0.73013437,1.0,3.5,0.015384615,-1.3202199,0.11111111,0.61574733,0.3923077,0.18769231,0.3,0.18974359322052736,0.2829743692164237
PF,2026-04-24,8188.0,8228.0,8070.0,8112.0,118395.0,121840.0,481922.7,,,,,,,,,,,,,1032.12,PF.ZCE.csv,,,-0.008070409,8074.4,8049.0,0.004706502,0.008398335,-2070.0,1,106.874626,1,34.90962,0.48462525,0.11525399,-0.046124276,0.0,0.0,-0.17720024,0.428,2.0,,-0.25766653,1.3364656,,,,,-0.13316539,1.2305951,,,,,0.07719912,3.3110478,,,,,0.6536691,2.0789473,3.3045197,0.0,-0.012658228,-0.38562822,0.49296167,0.0,0.01407665,0.0,0.0,-0.16266039,0.16266039,16.654861,-2.6151748,-1.5194391,0.04120353,-0.82160175,0.071428575,0.11111111,0.21241899,-0.67814875,0.16269842,0.13492064,1.4386601,2.8253236,0.67460316,0.70238096,2.0789473,3.3045197,-0.012658228,-5.1950896e+08,-0.76960546,-1.0,1.2638434e-07,106.874626,-0.55407655,-0.057478826,34.90962,-9557.0,-18585.0,-0.0020446596,1.0290976,能化,-0.008070409,0.21538462,-0.35401604,0.5538462,-0.23143911,0.53846157,-0.23045008,0.4,-0.092110544,0.30769232,-0.570688,0.24615385,-0.21902561,0.5538462,-0.12604421,0.092307694,-1.3852649,0.41538462,-0.47075474,0.7076923,0.5212215,0.41538462,-0.47075477,0.42307693,-0.44785023,0.33846155,-0.7097582,0.3846154,-0.2654368,0.3846154,-0.44532353,,,0.2923077,-0.36962196,0.4923077,-0.3383407,,,,,,,,,0.32307693,-0.32389385,0.2923077,-0.39953065,,,,,,,,,0.44615385,-0.13342558,0.53846157,-0.23060921,,,,,,,,,0.16923077,-0.6866652,0.41538462,-0.12403474,0.47692308,-0.20842533,0.30769232,-0.6109519,0.18461539,-0.4094533,0.7076923,0.78924036,0.092307694,-1.1019573,0.47692308,-0.25409633,0.47692308,-0.25409633,0.21538462,-0.78978944,0.75384617,0.6727241,0.046153847,-0.30934462,0.07692308,-1.4287081,0.046153847,-2.7526362,0.07692308,-1.3574761,0.07692308,-0.93330514,0.10769231,-1.3789896,0.092307694,-1.2932541,0.015384615,-1.6633586,0.06153846,-1.0259676,0.092307694,-1.7181655,0.12307692,-1.4975173,0.47692308,-0.33231738,0.46153846,-0.3346124,0.5538462,0.30958024,0.5692308,0.4181711,0.41538462,-0.12403474,0.47692308,-0.20842533,0.30769232,-0.6109519,0.24615385,-0.16492191,0.092307694,-1.2185686,0.13846155,-1.5611428,0.6923077,-0.24345826,0.5538462,-0.12604421,0.12307692,-1.2919371,0.26153848,-0.47538248,0.092307694,-1.3852649,0.10769231,-0.613219,0.06153846,-0.78500056,0.13846155,-0.3248213,0.4923077,-0.30976278,0.3809524,0.9695674,0.3923077,0.07076923,0.3,0.34549452167290906,0.2634725309426968
AL,2026-04-24,25000.0,25040.0,24840.0,24865.0,206738.0,327322.0,2.5787112e+06,,,,,,,,,,,,,1032.12,AL.SHF.csv,,,-0.004205048,24984.0,25056.0,-0.025666118,0.0126565,13895.0,1,105.53069,1,54.22272,0.5258713,0.047081206,0.07761385,0.0,0.0,0.12180513,0.328,1.0,,0.8817467,2.0686672,,,,,-0.15101571,3.3618736,,,,,-0.18402806,4.2922134,,,,,0.99366814,1.4814814,2.8905118,0.0,0.075,-0.12909944,0.22935534,-1.0,0.5412893,0.0,0.0,-0.13447882,0.13447882,244.71565,-1.4468665,-0.2736747,0.7200113,0.13002363,0.35714287,0.4047619,1.6168388,2.981787,0.9404762,0.9563492,1.6786578,3.14981,0.6984127,0.734127,1.4814814,2.8905118,0.075,-1.60561e+09,-0.28423333,0.0,2.9854906e-08,105.53069,0.20875421,0.09082289,54.22272,-10800.0,-42896.0,0.015269489,1.5832696,有色,-0.004205048,0.44615385,-0.06075432,0.9076923,0.070128955,0.9076923,0.07560301,0.07692308,-1.4292954,0.61538464,-0.2199761,0.9230769,0.35712618,0.52307695,-0.1608225,0.43076923,-0.1003214,0.44615385,-0.38820153,0.2769231,-0.755175,0.44615385,-0.38820153,0.42307693,-0.44785023,0.33846155,-0.7097582,0.44615385,-0.19288757,0.30769232,-0.7664841,,,0.8,0.5456097,0.6615385,-0.17083703,,,,,,,,,0.30769232,-0.33958244,0.7846154,0.013807421,,,,,,,,,0.26153848,-0.35888124,0.6923077,-0.0957113,,,,,,,,,0.43076923,-0.47559604,0.15384616,-0.12403474,0.4,-0.20842533,0.4,-0.29177752,0.66923076,-0.23262101,0.26153848,-0.6991026,0.75384617,0.645237,0.47692308,-0.25409633,0.47692308,-0.25409633,0.2769231,-0.54567724,0.6769231,0.2556449,0.52307695,-0.26109558,0.36923078,-0.67522734,0.092307694,-0.5333866,0.3846154,-0.40284708,0.33846155,-0.549874,0.35384616,-0.48404604,0.44615385,-0.32038417,0.6,0.09672623,0.6,-0.15984389,0.86923075,1.0975447,0.9153846,1.1541125,0.5846154,-0.10288134,0.50769234,-0.29564863,0.5846154,0.3937705,0.64615387,0.5294862,0.15384616,-0.12403474,0.4,-0.20842533,0.4,-0.29177752,0.16923077,-0.24741222,0.24615385,-0.7050853,0.6230769,0.46834284,0.23076923,-0.41428968,0.52307695,-0.1608225,0.53846157,0.23686108,0.75384617,0.66038316,0.43076923,-0.1003214,0.07692308,-0.6669799,0.015384615,-1.0259422,0.83076924,0.17936033,0.6923077,0.33426207,0.44444445,0.23718335,0.1923077,0.14000002,0.3,0.5866666805744172,0.24835898292064668
AU,2026-04-24,1045.0,1045.54,1030.7,1032.12,232408.0,179208.0,2.414098e+07,,,,,,,,,,,,,1032.12,AU.SHF.csv,,,-0.0076342225,1046.048,1050.022,-0.020777643,0.0062430776,953.8799,1,142.1165,1,45.0123,0.3627434,0.06553985,-0.41176984,0.0,0.0,-0.89957774,0.16,1.0,,-1.4866675,5.2876263,,,,,-1.2161025,5.0421915,,,,,-1.5782855,9.6060915,,,,,2.3800209,1.1521803,9.457594,0.0,-0.05929917,-0.35138276,0.41042808,-1.0,0.17914385,0.0,0.0,-0.124083765,0.124083765,62.94187,-1.7202033,-0.15664187,0.38656688,-0.117065266,0.16269842,0.27380952,1.921451,4.5599265,0.76984125,0.78968257,2.1808436,7.682329,0.6468254,0.9047619,1.1521803,9.457594,-0.05929917,2.205349e+07,-0.6787066,0.0,5.3639543e-08,142.1165,0.17242381,-0.14134336,45.0123,-1808.0,-2092.0,0.0104684625,0.77109224,贵金,-0.0076342225,0.24615385,-0.3209229,0.06153846,-0.3567837,0.07692308,-0.35640168,0.092307694,-1.2140754,0.18461539,-0.7481998,0.7076923,-0.10989853,0.8,0.78594446,0.2769231,-0.71311116,0.24615385,-0.71469915,0.52307695,-0.40957445,0.24615385,-0.71469915,0.42307693,-0.44785023,0.33846155,-0.7097582,0.30769232,-0.44071102,0.13846155,-1.306034,,,0.06153846,-1.3568149,0.8769231,0.5655551,,,,,,,,,0.06153846,-1.2756854,0.8923077,0.33968663,,,,,,,,,0.046153847,-1.562214,0.9076923,0.63487995,,,,,,,,,0.8153846,0.38504258,0.03076923,-0.12403474,0.83076924,-0.20842533,0.24615385,-0.78077734,0.2,-0.38584694,0.5538462,0.3232489,0.3846154,-0.55492103,0.47692308,-0.25409633,0.47692308,-0.25409633,0.35384616,-0.45563397,0.6,0.10180099,0.12307692,-0.29955202,0.2769231,-0.8515113,0.18461539,-0.32490012,0.21538462,-0.8717806,0.2769231,-0.64943165,0.21538462,-1.0931048,0.33076924,-0.75423163,0.7076923,0.4784805,0.72307694,0.21362278,0.5692308,0.47981226,0.63076925,0.6161007,0.75384617,0.37720478,0.7692308,0.24860841,0.53846157,0.21135832,0.8923077,1.1278048,0.03076923,-0.12403474,0.83076924,-0.20842533,0.24615385,-0.78077734,0.43076923,-0.123789765,0.10769231,-1.1224052,0.6230769,0.46834284,0.3846154,-0.3721972,0.8,0.78594446,0.52307695,0.16405088,0.12307692,-1.1176573,0.2769231,-0.71311116,0.4,-0.27806753,0.10769231,-0.6215417,0.72307694,0.039556216,0.33846155,-0.6096008,1.0,0.9641116,0.11538462,0.15846154,0.3,0.6246154084572425,0.23461539760002723
AG,2026-04-24,19092.0,19155.0,18333.0,18442.0,714129.0,222499.0,2.0182132e+07,,,,,,,,,,,,,1032.12,AG.SHF.csv,,,-0.027679682,19300.2,19319.4,-0.05763924,0.023444682,15701.0,1,152.6907,1,51.221214,0.39366257,0.1446495,-0.3190123,0.0,0.0,-1.5381658,0.164,0.0,,-0.2816326,1.3082924,,,,,-0.29988605,0.19471422,,,,,-0.41149718,1.4219878,,,,,0.36220455,1.2646154,5.5289106,0.0,-0.05596107,-0.40620688,0.4336738,-1.0,0.1326524,0.0,0.0,-0.21624339,0.21624339,3994.9524,-1.642975,-0.14238383,0.39213502,0.038610153,0.22619048,0.5992063,0.7108424,0.6355108,0.41666666,0.78571427,0.90141594,0.24903509,0.74603176,0.51984125,1.2646154,5.5289106,-0.05596107,5.117908e+09,-0.5330595,0.0,5.8462174e-08,152.6907,0.36436915,-0.03757087,51.221214,-25051.0,-33412.0,0.033760324,0.31156695,贵金,-0.027679682,0.03076923,-1.8417553,0.8769231,-0.03123669,0.8769231,-0.027631199,0.015384615,-2.8369439,0.86153847,0.66856277,0.93846154,0.42230186,0.83076924,1.0595835,0.36923078,-0.30001828,0.30769232,-0.652815,0.84615386,1.0715926,0.30769232,-0.65281504,0.42307693,-0.44785023,0.33846155,-0.7097582,0.21538462,-0.59565496,0.15384616,-1.2931875,,,0.2769231,-0.38887265,0.47692308,-0.3447858,,,,,,,,,0.18461539,-0.47042435,0.03076923,-0.60042834,,,,,,,,,0.18461539,-0.5552016,0.15384616,-0.49033114,,,,,,,,,0.015384615,-0.86760443,0.07692308,-0.12403474,0.72307694,-0.20842533,0.26153848,-0.7686229,0.15384616,-0.4236387,0.6,0.45449615,0.32307693,-0.70899475,0.47692308,-0.25409633,0.47692308,-0.25409633,0.092307694,-1.2539319,0.8769231,1.4657372,0.9076923,0.5323123,0.33846155,-0.80170417,0.21538462,-0.29950032,0.23076923,-0.86394995,0.2923077,-0.5867065,0.26153848,-0.8942285,0.5923077,0.32381344,0.13846155,-1.0387111,0.2923077,-0.71509004,0.23076923,-0.79875,0.61538464,0.6032908,0.18461539,-0.8459191,0.07692308,-0.6439687,0.61538464,0.5621508,0.36923078,-0.22189073,0.07692308,-0.12403474,0.72307694,-0.20842533,0.26153848,-0.7686229,0.93846154,0.2632448,0.12307692,-0.96832263,0.6230769,0.46834284,0.43076923,-0.36366242,0.83076924,1.0595835,0.5692308,0.54873085,0.32307693,-0.32291782,0.36923078,-0.30001828,0.03076923,-1.2833489,0.046153847,-0.93194807,0.9076923,0.7178066,0.06153846,-1.143633,0.5,0.9927648,0.08461539,0.14307693,0.3,0.41076924269015974,0.1993846220419957
